symbol,code,date,type,bonus,allotment
bj920086.BJ,920086.BJ,2026-06-01,1,5.0,0.0
bj920091.BJ,920091.BJ,2026-06-01,1,3.2,0.0
bj920163.BJ,920163.BJ,2026-06-01,1,1.0,0.0
bj920961.BJ,920961.BJ,2026-06-01,1,0.3,0.0
sh600857.SH,600857.SH,2026-06-01,1,0.45,0.0
sh601678.SH,601678.SH,2026-06-01,1,0.4,0.0
sh603004.SH,603004.SH,2026-06-01,1,2.0,0.0
sh603014.SH,603014.SH,2026-06-01,1,3.61,0.0
sh603019.SH,603019.SH,2026-06-01,1,3.8,0.0
sh603105.SH,603105.SH,2026-06-01,1,2.0,0.0
sh603136.SH,603136.SH,2026-06-01,1,2.0,0.0
sh603236.SH,603236.SH,2026-06-01,1,3.8,0.0
sh603238.SH,603238.SH,2026-06-01,1,3.0,0.0
sh603239.SH,603239.SH,2026-06-01,1,3.0,0.0
sh603279.SH,603279.SH,2026-06-01,1,3.0,0.0
sh603283.SH,603283.SH,2026-06-01,1,5.4,0.0
sh603650.SH,603650.SH,2026-06-01,1,5.0,0.0
sh603658.SH,603658.SH,2026-06-01,1,13.1,0.0
sh603737.SH,603737.SH,2026-06-01,1,0.68,0.0
sh603786.SH,603786.SH,2026-06-01,1,6.2,0.0
sh605001.SH,605001.SH,2026-06-01,1,1.0,0.0
sh688028.SH,688028.SH,2026-06-01,1,1.3,0.0
sh688109.SH,688109.SH,2026-06-01,1,2.5,0.0
sh688392.SH,688392.SH,2026-06-01,1,2.0,0.0
sh688522.SH,688522.SH,2026-06-01,1,0.6,0.0
sh688578.SH,688578.SH,2026-06-01,1,6.0,0.0
sh688606.SH,688606.SH,2026-06-01,1,10.0,0.0
sh688708.SH,688708.SH,2026-06-01,1,5.0,0.0
sh688767.SH,688767.SH,2026-06-01,1,7.0,0.0
sz000751.SZ,000751.SZ,2026-06-01,1,0.1,0.0
sz002043.SZ,002043.SZ,2026-06-01,1,3.12,0.0
sz002215.SZ,002215.SZ,2026-06-01,1,3.0,0.0
sz002232.SZ,002232.SZ,2026-06-01,1,0.24,0.0
sz002409.SZ,002409.SZ,2026-06-01,1,3.1,0.0
sz002451.SZ,002451.SZ,2026-06-01,1,0.1,0.0
sz002493.SZ,002493.SZ,2026-06-01,1,1.0,0.0
sz002521.SZ,002521.SZ,2026-06-01,1,1.7,0.0
sz002558.SZ,002558.SZ,2026-06-01,1,1.9,0.0
sz002582.SZ,002582.SZ,2026-06-01,1,6.0,0.0
sz002688.SZ,002688.SZ,2026-06-01,1,1.0,0.0
sz002837.SZ,002837.SZ,2026-06-01,1,1.7,0.0
sz002885.SZ,002885.SZ,2026-06-01,1,0.35,0.0
sz002892.SZ,002892.SZ,2026-06-01,1,0.22,0.0
sz002897.SZ,002897.SZ,2026-06-01,1,5.0,0.0
sz002952.SZ,002952.SZ,2026-06-01,1,0.5,0.0
sz003012.SZ,003012.SZ,2026-06-01,1,2.5,0.0
sz003019.SZ,003019.SZ,2026-06-01,1,5.0,0.0
sz300171.SZ,300171.SZ,2026-06-01,1,0.8,0.0
sz300387.SZ,300387.SZ,2026-06-01,1,0.6,0.0
sz300412.SZ,300412.SZ,2026-06-01,1,0.58,0.0
sz300529.SZ,300529.SZ,2026-06-01,1,5.2,0.0
sz300538.SZ,300538.SZ,2026-06-01,1,0.2,0.0
sz300643.SZ,300643.SZ,2026-06-01,1,2.2,0.0
sz300679.SZ,300679.SZ,2026-06-01,1,2.38,0.0
sz300727.SZ,300727.SZ,2026-06-01,1,3.0,0.0
sz300731.SZ,300731.SZ,2026-06-01,1,0.4,0.0
sz300735.SZ,300735.SZ,2026-06-01,1,2.5,0.0
sz300752.SZ,300752.SZ,2026-06-01,1,0.99,0.0
sz300975.SZ,300975.SZ,2026-06-01,1,0.66,0.0
sz300976.SZ,300976.SZ,2026-06-01,1,7.0,0.0
sz301015.SZ,301015.SZ,2026-06-01,1,5.71,0.0
sz301032.SZ,301032.SZ,2026-06-01,1,1.3,0.0
sz301033.SZ,301033.SZ,2026-06-01,1,7.0,0.0
sz301035.SZ,301035.SZ,2026-06-01,1,12.0,0.0
sz301053.SZ,301053.SZ,2026-06-01,1,1.0,0.0
sz301057.SZ,301057.SZ,2026-06-01,1,2.0,0.0
sz301088.SZ,301088.SZ,2026-06-01,1,5.27,0.0
sz301106.SZ,301106.SZ,2026-06-01,1,3.5,0.0
sz301130.SZ,301130.SZ,2026-06-01,1,1.45,0.0
sz301166.SZ,301166.SZ,2026-06-01,1,6.0,0.0
sz301167.SZ,301167.SZ,2026-06-01,1,0.9,0.0
sz301187.SZ,301187.SZ,2026-06-01,1,2.0,0.0
sz301215.SZ,301215.SZ,2026-06-01,1,0.61,0.0
sz301234.SZ,301234.SZ,2026-06-01,1,2.0,0.0
sz301263.SZ,301263.SZ,2026-06-01,1,0.5,0.0
sz301269.SZ,301269.SZ,2026-06-01,1,1.5,0.0
sz301365.SZ,301365.SZ,2026-06-01,1,3.3,0.0
sz301489.SZ,301489.SZ,2026-06-01,1,1.5,0.0
sz301566.SZ,301566.SZ,2026-06-01,1,0.3,0.0
sz301584.SZ,301584.SZ,2026-06-01,1,2.0,0.0
sz301631.SZ,301631.SZ,2026-06-01,1,10.0,0.0
sz301680.SZ,301680.SZ,2026-06-01,1,4.5,0.0
bj920010.BJ,920010.BJ,2026-06-02,1,0.3,0.0
bj920018.BJ,920018.BJ,2026-06-02,1,1.0,0.0
bj920080.BJ,920080.BJ,2026-06-02,1,5.0,0.0
bj920252.BJ,920252.BJ,2026-06-02,1,0.4,0.0
bj920419.BJ,920419.BJ,2026-06-02,1,1.5,0.0
bj920870.BJ,920870.BJ,2026-06-02,1,1.0,0.0
sh600237.SH,600237.SH,2026-06-02,1,0.8,0.0
sh600346.SH,600346.SH,2026-06-02,1,2.9,0.0
sh600699.SH,600699.SH,2026-06-02,1,1.8,0.0
sh600761.SH,600761.SH,2026-06-02,1,5.0,0.0
sh601089.SH,601089.SH,2026-06-02,1,5.0,0.0
sh601137.SH,601137.SH,2026-06-02,1,0.41,0.0
sh603006.SH,603006.SH,2026-06-02,1,3.2,0.0
sh603048.SH,603048.SH,2026-06-02,1,2.8,0.0
sh603170.SH,603170.SH,2026-06-02,1,3.0,0.0
sh603219.SH,603219.SH,2026-06-02,1,0.5,0.0
sh603353.SH,603353.SH,2026-06-02,1,1.0,0.0
sh603390.SH,603390.SH,2026-06-02,1,0.6,0.0
sh603665.SH,603665.SH,2026-06-02,1,1.6,0.0
sh603787.SH,603787.SH,2026-06-02,1,1.0,0.0
sh603960.SH,603960.SH,2026-06-02,1,0.1,0.0
sh605016.SH,605016.SH,2026-06-02,1,1.65,0.0
sh605056.SH,605056.SH,2026-06-02,1,3.1,0.0
sh605128.SH,605128.SH,2026-06-02,1,2.8,0.0
sh605218.SH,605218.SH,2026-06-02,1,0.2,0.0
sh605258.SH,605258.SH,2026-06-02,1,5.0,0.0
sh605305.SH,605305.SH,2026-06-02,1,3.8,0.0
sh605377.SH,605377.SH,2026-06-02,1,2.1,0.0
sh605580.SH,605580.SH,2026-06-02,1,3.0,0.0
sh605598.SH,605598.SH,2026-06-02,1,0.81,0.0
sh688015.SH,688015.SH,2026-06-02,1,4.2,0.0
sh688281.SH,688281.SH,2026-06-02,1,1.6,0.0
sh688448.SH,688448.SH,2026-06-02,1,0.0,0.0
sh688513.SH,688513.SH,2026-06-02,1,4.9,0.0
sh688681.SH,688681.SH,2026-06-02,1,1.93,0.0
sh688768.SH,688768.SH,2026-06-02,1,3.0,0.0
sz001219.SZ,001219.SZ,2026-06-02,1,2.5,0.0
sz001223.SZ,001223.SZ,2026-06-02,1,2.15,0.0
sz001259.SZ,001259.SZ,2026-06-02,1,1.2,0.0
sz001314.SZ,001314.SZ,2026-06-02,1,1.8,0.0
sz002195.SZ,002195.SZ,2026-06-02,1,0.02,0.0
sz002515.SZ,002515.SZ,2026-06-02,1,0.1,0.0
sz002555.SZ,002555.SZ,2026-06-02,1,2.1,0.0
sz002888.SZ,002888.SZ,2026-06-02,1,1.35,0.0
sz002967.SZ,002967.SZ,2026-06-02,1,2.0,0.0
sz002999.SZ,002999.SZ,2026-06-02,1,0.7,0.0
sz003040.SZ,003040.SZ,2026-06-02,1,0.1,0.0
sz300285.SZ,300285.SZ,2026-06-02,1,1.0,0.0
sz300417.SZ,300417.SZ,2026-06-02,1,0.7,0.0
sz300438.SZ,300438.SZ,2026-06-02,1,0.6,0.0
sz300482.SZ,300482.SZ,2026-06-02,1,2.2,0.0
sz300607.SZ,300607.SZ,2026-06-02,1,0.32,0.0
sz300613.SZ,300613.SZ,2026-06-02,1,0.8,0.0
sz300645.SZ,300645.SZ,2026-06-02,1,0.2,0.0
sz300673.SZ,300673.SZ,2026-06-02,1,2.5,0.0
sz300702.SZ,300702.SZ,2026-06-02,1,0.5,0.0
sz300720.SZ,300720.SZ,2026-06-02,1,0.55,0.0
sz300774.SZ,300774.SZ,2026-06-02,1,0.25,0.0
sz300790.SZ,300790.SZ,2026-06-02,1,1.0,0.0
sz300876.SZ,300876.SZ,2026-06-02,1,0.0,0.0
sz300915.SZ,300915.SZ,2026-06-02,1,4.0,0.0
sz300917.SZ,300917.SZ,2026-06-02,1,3.0,0.0
sz300923.SZ,300923.SZ,2026-06-02,1,4.5,0.0
sz300946.SZ,300946.SZ,2026-06-02,1,1.2,0.0
sz301005.SZ,301005.SZ,2026-06-02,1,0.5,0.0
sz301018.SZ,301018.SZ,2026-06-02,1,2.5,0.0
sz301183.SZ,301183.SZ,2026-06-02,1,1.8,0.0
sz301308.SZ,301308.SZ,2026-06-02,1,9.91,0.0
sz301316.SZ,301316.SZ,2026-06-02,1,1.0,0.0
sz301353.SZ,301353.SZ,2026-06-02,1,5.0,0.0
sz301357.SZ,301357.SZ,2026-06-02,1,0.6,0.0
sz301376.SZ,301376.SZ,2026-06-02,1,2.0,0.0
sz301498.SZ,301498.SZ,2026-06-02,1,2.5,0.0
sz301509.SZ,301509.SZ,2026-06-02,1,9.0,0.0
sz301522.SZ,301522.SZ,2026-06-02,1,0.73,0.0
bj920020.BJ,920020.BJ,2026-06-03,1,2.4,0.0
bj920021.BJ,920021.BJ,2026-06-03,1,0.15,0.0
bj920260.BJ,920260.BJ,2026-06-03,1,2.0,0.0
bj920375.BJ,920375.BJ,2026-06-03,1,0.5,0.0
bj920526.BJ,920526.BJ,2026-06-03,1,1.0,0.0
bj920640.BJ,920640.BJ,2026-06-03,1,1.5,0.0
bj920679.BJ,920679.BJ,2026-06-03,1,2.8,0.0
sh600420.SH,600420.SH,2026-06-03,1,2.0,0.0
sh600456.SH,600456.SH,2026-06-03,1,3.0,0.0
sh600794.SH,600794.SH,2026-06-03,1,0.2,0.0
sh601127.SH,601127.SH,2026-06-03,1,8.0,0.0
sh601369.SH,601369.SH,2026-06-03,1,1.5,0.0
sh603010.SH,603010.SH,2026-06-03,1,0.1,0.0
sh603089.SH,603089.SH,2026-06-03,1,1.0,0.0
sh603124.SH,603124.SH,2026-06-03,1,4.6,0.0
sh603156.SH,603156.SH,2026-06-03,1,10.0,0.0
sh603206.SH,603206.SH,2026-06-03,1,0.6,0.0
sh603367.SH,603367.SH,2026-06-03,1,1.6,0.0
sh603370.SH,603370.SH,2026-06-03,1,2.85,0.0
sh603408.SH,603408.SH,2026-06-03,1,4.5,0.0
sh603600.SH,603600.SH,2026-06-03,1,3.0,0.0
sh603619.SH,603619.SH,2026-06-03,1,1.4,0.0
sh603788.SH,603788.SH,2026-06-03,1,8.0,0.0
sh603809.SH,603809.SH,2026-06-03,1,1.5,0.0
sh603866.SH,603866.SH,2026-06-03,1,2.0,0.0
sh603897.SH,603897.SH,2026-06-03,1,12.0,0.0
sh603916.SH,603916.SH,2026-06-03,1,1.2,0.0
sh603950.SH,603950.SH,2026-06-03,1,1.3,0.0
sh603987.SH,603987.SH,2026-06-03,1,1.7,0.0
sh605007.SH,605007.SH,2026-06-03,1,1.6,0.0
sh688105.SH,688105.SH,2026-06-03,1,5.0,0.0
sh688288.SH,688288.SH,2026-06-03,1,1.0,0.0
sh688305.SH,688305.SH,2026-06-03,1,2.1,0.0
sh688312.SH,688312.SH,2026-06-03,1,5.5,0.0
sh688393.SH,688393.SH,2026-06-03,1,1.0,0.0
sh688411.SH,688411.SH,2026-06-03,1,15.9,0.0
sh688479.SH,688479.SH,2026-06-03,1,2.6,0.0
sh688518.SH,688518.SH,2026-06-03,1,1.5,0.0
sh688687.SH,688687.SH,2026-06-03,1,2.5,0.0
sh688739.SH,688739.SH,2026-06-03,1,1.0,0.0
sz000032.SZ,000032.SZ,2026-06-03,1,0.25,0.0
sz000600.SZ,000600.SZ,2026-06-03,1,2.2,0.0
sz000795.SZ,000795.SZ,2026-06-03,1,1.25,0.0
sz000887.SZ,000887.SZ,2026-06-03,1,1.5,0.0
sz000893.SZ,000893.SZ,2026-06-03,1,1.1,0.0
sz000949.SZ,000949.SZ,2026-06-03,1,0.2,0.0
sz001221.SZ,001221.SZ,2026-06-03,1,1.7,0.0
sz001238.SZ,001238.SZ,2026-06-03,1,1.0,0.0
sz002045.SZ,002045.SZ,2026-06-03,1,0.15,0.0
sz002273.SZ,002273.SZ,2026-06-03,1,2.0,0.0
sz002342.SZ,002342.SZ,2026-06-03,1,0.06,0.0
sz002429.SZ,002429.SZ,2026-06-03,1,0.87,0.0
sz002432.SZ,002432.SZ,2026-06-03,1,16.5,0.0
sz002489.SZ,002489.SZ,2026-06-03,1,0.6,0.0
sz002508.SZ,002508.SZ,2026-06-03,1,5.0,0.0
sz002562.SZ,002562.SZ,2026-06-03,1,1.0,0.0
sz002609.SZ,002609.SZ,2026-06-03,1,0.85,0.0
sz002733.SZ,002733.SZ,2026-06-03,1,1.0,0.0
sz002780.SZ,002780.SZ,2026-06-03,1,0.5,0.0
sz003002.SZ,003002.SZ,2026-06-03,1,2.0,0.0
sz003007.SZ,003007.SZ,2026-06-03,1,0.3,0.0
sz003008.SZ,003008.SZ,2026-06-03,1,5.0,0.0
sz300088.SZ,300088.SZ,2026-06-03,1,0.5,0.0
sz300143.SZ,300143.SZ,2026-06-03,1,0.25,0.0
sz300348.SZ,300348.SZ,2026-06-03,1,0.07,0.0
sz300354.SZ,300354.SZ,2026-06-03,1,2.0,0.0
sz300360.SZ,300360.SZ,2026-06-03,1,3.0,0.0
sz300380.SZ,300380.SZ,2026-06-03,1,1.0,0.0
sz300631.SZ,300631.SZ,2026-06-03,1,2.5,0.0
sz300636.SZ,300636.SZ,2026-06-03,1,0.4,0.0
sz300660.SZ,300660.SZ,2026-06-03,1,2.0,0.0
sz300678.SZ,300678.SZ,2026-06-03,1,0.6,0.0
sz300733.SZ,300733.SZ,2026-06-03,1,0.0,0.0
sz300823.SZ,300823.SZ,2026-06-03,1,2.46,0.0
sz300837.SZ,300837.SZ,2026-06-03,1,3.0,0.0
sz300930.SZ,300930.SZ,2026-06-03,1,1.0,0.0
sz300942.SZ,300942.SZ,2026-06-03,1,0.25,0.0
sz301017.SZ,301017.SZ,2026-06-03,1,0.45,0.0
sz301036.SZ,301036.SZ,2026-06-03,1,3.0,0.0
sz301079.SZ,301079.SZ,2026-06-03,1,0.2,0.0
sz301210.SZ,301210.SZ,2026-06-03,1,1.5,0.0
sz301227.SZ,301227.SZ,2026-06-03,1,0.0,0.0
sz301312.SZ,301312.SZ,2026-06-03,1,3.0,0.0
sz301421.SZ,301421.SZ,2026-06-03,1,1.0,0.0
sz301611.SZ,301611.SZ,2026-06-03,1,1.0,0.0
sz301613.SZ,301613.SZ,2026-06-03,1,7.0,0.0
sz301633.SZ,301633.SZ,2026-06-03,1,5.0,0.0
sz301662.SZ,301662.SZ,2026-06-03,1,6.0,0.0
sz301696.SZ,301696.SZ,2026-06-03,1,5.0,0.0
bj920015.BJ,920015.BJ,2026-06-04,1,4.3,0.0
bj920027.BJ,920027.BJ,2026-06-04,1,1.5,0.0
bj920185.BJ,920185.BJ,2026-06-04,1,3.0,0.0
bj920509.BJ,920509.BJ,2026-06-04,1,3.0,0.0
bj920564.BJ,920564.BJ,2026-06-04,1,0.4,0.0
bj920765.BJ,920765.BJ,2026-06-04,1,1.2,0.0
bj920799.BJ,920799.BJ,2026-06-04,1,1.5,0.0
bj920892.BJ,920892.BJ,2026-06-04,1,6.0,0.0
sh600038.SH,600038.SH,2026-06-04,1,2.39,0.0
sh600367.SH,600367.SH,2026-06-04,1,0.1,0.0
sh600449.SH,600449.SH,2026-06-04,1,1.6,0.0
sh600469.SH,600469.SH,2026-06-04,1,1.0,0.0
sh600480.SH,600480.SH,2026-06-04,1,3.0,0.0
sh600681.SH,600681.SH,2026-06-04,1,0.6,0.0
sh601566.SH,601566.SH,2026-06-04,1,5.0,0.0
sh601579.SH,601579.SH,2026-06-04,1,3.0,0.0
sh603012.SH,603012.SH,2026-06-04,1,1.0,0.0
sh603032.SH,603032.SH,2026-06-04,1,0.43,0.0
sh603055.SH,603055.SH,2026-06-04,1,1.8,0.0
sh603070.SH,603070.SH,2026-06-04,1,0.8,0.0
sh603194.SH,603194.SH,2026-06-04,1,4.0,0.0
sh603195.SH,603195.SH,2026-06-04,1,19.0,0.0
sh603270.SH,603270.SH,2026-06-04,1,1.2,0.0
sh603289.SH,603289.SH,2026-06-04,1,1.5,0.0
sh603291.SH,603291.SH,2026-06-04,1,2.0,0.0
sh603312.SH,603312.SH,2026-06-04,1,4.0,0.0
sh603341.SH,603341.SH,2026-06-04,1,5.0,0.0
sh603369.SH,603369.SH,2026-06-04,1,12.0,0.0
sh603379.SH,603379.SH,2026-06-04,1,12.0,0.0
sh603418.SH,603418.SH,2026-06-04,1,8.3,0.0
sh603466.SH,603466.SH,2026-06-04,1,0.2,0.0
sh603501.SH,603501.SH,2026-06-04,1,1.0,0.0
sh603520.SH,603520.SH,2026-06-04,1,2.5,0.0
sh603719.SH,603719.SH,2026-06-04,1,2.49,0.0
sh603868.SH,603868.SH,2026-06-04,1,5.0,0.0
sh603919.SH,603919.SH,2026-06-04,1,3.0,0.0
sh603948.SH,603948.SH,2026-06-04,1,10.0,0.0
sh605088.SH,605088.SH,2026-06-04,1,6.0,0.0
sh605098.SH,605098.SH,2026-06-04,1,10.0,0.0
sh605208.SH,605208.SH,2026-06-04,1,0.6,0.0
sh688072.SH,688072.SH,2026-06-04,1,3.3,0.0
sh688083.SH,688083.SH,2026-06-04,1,3.5,0.0
sh688338.SH,688338.SH,2026-06-04,1,2.6,0.0
sh688360.SH,688360.SH,2026-06-04,1,1.1,0.0
sh688625.SH,688625.SH,2026-06-04,1,0.0,0.0
sh688690.SH,688690.SH,2026-06-04,1,1.02,0.0
sz000528.SZ,000528.SZ,2026-06-04,1,3.25,0.0
sz001211.SZ,001211.SZ,2026-06-04,1,0.0,0.0
sz001266.SZ,001266.SZ,2026-06-04,1,3.0,0.0
sz001279.SZ,001279.SZ,2026-06-04,1,1.25,0.0
sz001379.SZ,001379.SZ,2026-06-04,1,1.0,0.0
sz001396.SZ,001396.SZ,2026-06-04,1,1.88,0.0
sz002135.SZ,002135.SZ,2026-06-04,1,0.1,0.0
sz002237.SZ,002237.SZ,2026-06-04,1,1.34,0.0
sz002264.SZ,002264.SZ,2026-06-04,1,1.0,0.0
sz002275.SZ,002275.SZ,2026-06-04,1,3.0,0.0
sz002381.SZ,002381.SZ,2026-06-04,1,1.0,0.0
sz002483.SZ,002483.SZ,2026-06-04,1,1.5,0.0
sz002623.SZ,002623.SZ,2026-06-04,1,4.0,0.0
sz002624.SZ,002624.SZ,2026-06-04,1,3.3,0.0
sz002661.SZ,002661.SZ,2026-06-04,1,1.5,0.0
sz002724.SZ,002724.SZ,2026-06-04,1,1.0,0.0
sz002824.SZ,002824.SZ,2026-06-04,1,1.7,0.0
sz002830.SZ,002830.SZ,2026-06-04,1,2.0,0.0
sz002831.SZ,002831.SZ,2026-06-04,1,8.04,0.0
sz002887.SZ,002887.SZ,2026-06-04,1,3.0,0.0
sz002907.SZ,002907.SZ,2026-06-04,1,0.4,0.0
sz002991.SZ,002991.SZ,2026-06-04,1,10.13,0.0
sz002996.SZ,002996.SZ,2026-06-04,1,1.1,0.0
sz003000.SZ,003000.SZ,2026-06-04,1,3.0,0.0
sz003030.SZ,003030.SZ,2026-06-04,1,1.5,0.0
sz300124.SZ,300124.SZ,2026-06-04,1,5.0,0.0
sz300140.SZ,300140.SZ,2026-06-04,1,0.6,0.0
sz300207.SZ,300207.SZ,2026-06-04,1,0.9,0.0
sz300284.SZ,300284.SZ,2026-06-04,1,0.75,0.0
sz300320.SZ,300320.SZ,2026-06-04,1,0.3,0.0
sz300378.SZ,300378.SZ,2026-06-04,1,1.25,0.0
sz300409.SZ,300409.SZ,2026-06-04,1,2.5,0.0
sz300432.SZ,300432.SZ,2026-06-04,1,1.0,0.0
sz300499.SZ,300499.SZ,2026-06-04,1,0.66,0.0
sz300515.SZ,300515.SZ,2026-06-04,1,4.0,0.0
sz300604.SZ,300604.SZ,2026-06-04,1,1.0,0.0
sz300611.SZ,300611.SZ,2026-06-04,1,1.5,0.0
sz300618.SZ,300618.SZ,2026-06-04,1,1.7,0.0
sz300707.SZ,300707.SZ,2026-06-04,1,0.6,0.0
sz300783.SZ,300783.SZ,2026-06-04,1,1.17,0.0
sz300812.SZ,300812.SZ,2026-06-04,1,0.5,0.0
sz300820.SZ,300820.SZ,2026-06-04,1,4.0,0.0
sz300892.SZ,300892.SZ,2026-06-04,1,1.0,0.0
sz301031.SZ,301031.SZ,2026-06-04,1,4.5,0.0
sz301058.SZ,301058.SZ,2026-06-04,1,1.5,0.0
sz301168.SZ,301168.SZ,2026-06-04,1,0.22,0.0
sz301219.SZ,301219.SZ,2026-06-04,1,10.0,0.0
sz301220.SZ,301220.SZ,2026-06-04,1,1.5,0.0
sz301256.SZ,301256.SZ,2026-06-04,1,1.0,0.0
sz301499.SZ,301499.SZ,2026-06-04,1,0.7,0.0
sz301578.SZ,301578.SZ,2026-06-04,1,2.5,0.0
sz301600.SZ,301600.SZ,2026-06-04,1,5.0,0.0
sz301607.SZ,301607.SZ,2026-06-04,1,1.55,0.0
sz301609.SZ,301609.SZ,2026-06-04,1,4.0,0.0
sz301656.SZ,301656.SZ,2026-06-04,1,0.43,0.0
bj920110.BJ,920110.BJ,2026-06-05,1,5.0,0.0
bj920188.BJ,920188.BJ,2026-06-05,1,5.0,0.0
bj920261.BJ,920261.BJ,2026-06-05,1,4.0,0.0
bj920275.BJ,920275.BJ,2026-06-05,1,0.25,0.0
bj920299.BJ,920299.BJ,2026-06-05,1,1.66,0.0
bj920834.BJ,920834.BJ,2026-06-05,1,1.66,0.0
bj920856.BJ,920856.BJ,2026-06-05,1,1.5,0.0
sh600067.SH,600067.SH,2026-06-05,1,0.3,0.0
sh600120.SH,600120.SH,2026-06-05,1,0.49,0.0
sh600177.SH,600177.SH,2026-06-05,1,2.0,0.0
sh600183.SH,600183.SH,2026-06-05,1,8.0,0.0
sh600389.SH,600389.SH,2026-06-05,1,1.0,0.0
sh600782.SH,600782.SH,2026-06-05,1,1.35,0.0
sh600867.SH,600867.SH,2026-06-05,1,3.0,0.0
sh600887.SH,600887.SH,2026-06-05,1,9.0,0.0
sh600941.SH,600941.SH,2026-06-05,1,22.01,0.0
sh600955.SH,600955.SH,2026-06-05,1,0.5,0.0
sh601003.SH,601003.SH,2026-06-05,1,1.0,0.0
sh601058.SH,601058.SH,2026-06-05,1,1.8,0.0
sh601360.SH,601360.SH,2026-06-05,1,1.0,0.0
sh601368.SH,601368.SH,2026-06-05,1,0.35,0.0
sh601877.SH,601877.SH,2026-06-05,1,6.0,0.0
sh603096.SH,603096.SH,2026-06-05,1,6.0,0.0
sh603181.SH,603181.SH,2026-06-05,1,2.25,0.0
sh603277.SH,603277.SH,2026-06-05,1,3.5,0.0
sh603351.SH,603351.SH,2026-06-05,1,6.0,0.0
sh603382.SH,603382.SH,2026-06-05,1,1.0,0.0
sh603511.SH,603511.SH,2026-06-05,1,3.7,0.0
sh603583.SH,603583.SH,2026-06-05,1,3.1,0.0
sh603617.SH,603617.SH,2026-06-05,1,0.5,0.0
sh603678.SH,603678.SH,2026-06-05,1,0.8,0.0
sh603696.SH,603696.SH,2026-06-05,1,0.7,0.0
sh603790.SH,603790.SH,2026-06-05,1,1.3,0.0
sh603823.SH,603823.SH,2026-06-05,1,1.3,0.0
sh603877.SH,603877.SH,2026-06-05,1,3.0,0.0
sh603927.SH,603927.SH,2026-06-05,1,2.5,0.0
sh603995.SH,603995.SH,2026-06-05,1,5.0,0.0
sh605255.SH,605255.SH,2026-06-05,1,0.25,0.0
sh688003.SH,688003.SH,2026-06-05,1,5.0,0.0
sh688016.SH,688016.SH,2026-06-05,1,10.0,0.0
sh688018.SH,688018.SH,2026-06-05,1,5.0,0.0
sh688117.SH,688117.SH,2026-06-05,1,3.2,0.0
sh688181.SH,688181.SH,2026-06-05,1,1.9,0.0
sh688183.SH,688183.SH,2026-06-05,1,6.0,0.0
sh688279.SH,688279.SH,2026-06-05,1,7.8,0.0
sh688318.SH,688318.SH,2026-06-05,1,3.8,0.0
sh688325.SH,688325.SH,2026-06-05,1,13.0,0.0
sh688352.SH,688352.SH,2026-06-05,1,0.5,0.0
sh688386.SH,688386.SH,2026-06-05,1,3.5,0.0
sh688484.SH,688484.SH,2026-06-05,1,2.5,0.0
sh688517.SH,688517.SH,2026-06-05,1,4.9,0.0
sh688551.SH,688551.SH,2026-06-05,1,2.0,0.0
sh688805.SH,688805.SH,2026-06-05,1,3.0,0.0
sz000906.SZ,000906.SZ,2026-06-05,1,1.3,0.0
sz000928.SZ,000928.SZ,2026-06-05,1,2.1,0.0
sz001210.SZ,001210.SZ,2026-06-05,1,2.5,0.0
sz001328.SZ,001328.SZ,2026-06-05,1,8.5,0.0
sz002081.SZ,002081.SZ,2026-06-05,1,1.3,0.0
sz002158.SZ,002158.SZ,2026-06-05,1,4.5,0.0
sz002171.SZ,002171.SZ,2026-06-05,1,0.8,0.0
sz002216.SZ,002216.SZ,2026-06-05,1,5.8,0.0
sz002339.SZ,002339.SZ,2026-06-05,1,0.2,0.0
sz002363.SZ,002363.SZ,2026-06-05,1,0.8,0.0
sz002495.SZ,002495.SZ,2026-06-05,1,0.1,0.0
sz002568.SZ,002568.SZ,2026-06-05,1,3.0,0.0
sz002645.SZ,002645.SZ,2026-06-05,1,1.0,0.0
sz002673.SZ,002673.SZ,2026-06-05,1,0.9,0.0
sz002701.SZ,002701.SZ,2026-06-05,1,1.2,0.0
sz002769.SZ,002769.SZ,2026-06-05,1,0.16,0.0
sz002871.SZ,002871.SZ,2026-06-05,1,3.5,0.0
sz002908.SZ,002908.SZ,2026-06-05,1,0.5,0.0
sz002922.SZ,002922.SZ,2026-06-05,1,2.0,0.0
sz002942.SZ,002942.SZ,2026-06-05,1,4.0,0.0
sz002962.SZ,002962.SZ,2026-06-05,1,1.0,0.0
sz002997.SZ,002997.SZ,2026-06-05,1,3.0,0.0
sz003026.SZ,003026.SZ,2026-06-05,1,2.0,0.0
sz003037.SZ,003037.SZ,2026-06-05,1,0.5,0.0
sz300034.SZ,300034.SZ,2026-06-05,1,0.36,0.0
sz300035.SZ,300035.SZ,2026-06-05,1,2.5,0.0
sz300154.SZ,300154.SZ,2026-06-05,1,2.0,0.0
sz300218.SZ,300218.SZ,2026-06-05,1,2.6,0.0
sz300388.SZ,300388.SZ,2026-06-05,1,0.31,0.0
sz300399.SZ,300399.SZ,2026-06-05,1,0.5,0.0
sz300415.SZ,300415.SZ,2026-06-05,1,6.0,0.0
sz300421.SZ,300421.SZ,2026-06-05,1,1.5,0.0
sz300525.SZ,300525.SZ,2026-06-05,1,0.6,0.0
sz300543.SZ,300543.SZ,2026-06-05,1,0.3,0.0
sz300557.SZ,300557.SZ,2026-06-05,1,2.0,0.0
sz300633.SZ,300633.SZ,2026-06-05,1,1.8,0.0
sz300655.SZ,300655.SZ,2026-06-05,1,0.13,0.0
sz300768.SZ,300768.SZ,2026-06-05,1,0.8,0.0
sz300791.SZ,300791.SZ,2026-06-05,1,1.3,0.0
sz300906.SZ,300906.SZ,2026-06-05,1,1.5,0.0
sz300941.SZ,300941.SZ,2026-06-05,1,0.75,0.0
sz301023.SZ,301023.SZ,2026-06-05,1,2.0,0.0
sz301028.SZ,301028.SZ,2026-06-05,1,1.0,0.0
sz301160.SZ,301160.SZ,2026-06-05,1,7.0,0.0
sz301177.SZ,301177.SZ,2026-06-05,1,5.0,0.0
sz301195.SZ,301195.SZ,2026-06-05,1,6.0,0.0
sz301213.SZ,301213.SZ,2026-06-05,1,1.0,0.0
sz301259.SZ,301259.SZ,2026-06-05,1,0.6,0.0
sz301330.SZ,301330.SZ,2026-06-05,1,4.8,0.0
sz301332.SZ,301332.SZ,2026-06-05,1,1.5,0.0
sz301379.SZ,301379.SZ,2026-06-05,1,2.0,0.0
sz301386.SZ,301386.SZ,2026-06-05,1,5.0,0.0
sz301501.SZ,301501.SZ,2026-06-05,1,3.5,0.0
sz301502.SZ,301502.SZ,2026-06-05,1,2.6,0.0
sz301533.SZ,301533.SZ,2026-06-05,1,3.0,0.0
bj920007.BJ,920007.BJ,2026-06-08,1,2.2,0.0
bj920159.BJ,920159.BJ,2026-06-08,1,8.0,0.0
bj920168.BJ,920168.BJ,2026-06-08,1,5.0,0.0
bj920519.BJ,920519.BJ,2026-06-08,1,1.5,0.0
bj920527.BJ,920527.BJ,2026-06-08,1,2.5,0.0
bj920906.BJ,920906.BJ,2026-06-08,1,0.89,0.0
sh600298.SH,600298.SH,2026-06-08,1,5.5,0.0
sh600360.SH,600360.SH,2026-06-08,1,0.21,0.0
sh600526.SH,600526.SH,2026-06-08,1,0.5,0.0
sh600998.SH,600998.SH,2026-06-08,1,2.0,0.0
sh601229.SH,601229.SH,2026-06-08,1,2.2,0.0
sh601609.SH,601609.SH,2026-06-08,1,1.4,0.0
sh601702.SH,601702.SH,2026-06-08,1,3.0,0.0
sh603086.SH,603086.SH,2026-06-08,1,1.0,0.0
sh603107.SH,603107.SH,2026-06-08,1,3.0,0.0
sh603192.SH,603192.SH,2026-06-08,1,2.5,0.0
sh603203.SH,603203.SH,2026-06-08,1,5.0,0.0
sh603334.SH,603334.SH,2026-06-08,1,3.5,0.0
sh603373.SH,603373.SH,2026-06-08,1,3.5,0.0
sh603730.SH,603730.SH,2026-06-08,1,2.5,0.0
sh603757.SH,603757.SH,2026-06-08,1,2.0,0.0
sh603901.SH,603901.SH,2026-06-08,1,0.8,0.0
sh605055.SH,605055.SH,2026-06-08,1,0.6,0.0
sh605179.SH,605179.SH,2026-06-08,1,0.38,0.0
sh688118.SH,688118.SH,2026-06-08,1,3.0,0.0
sh688191.SH,688191.SH,2026-06-08,1,0.0,0.0
sh688533.SH,688533.SH,2026-06-08,1,3.5,0.0
sh688612.SH,688612.SH,2026-06-08,1,6.6,0.0
sh688698.SH,688698.SH,2026-06-08,1,3.5,0.0
sh688777.SH,688777.SH,2026-06-08,1,2.8,0.0
sh688786.SH,688786.SH,2026-06-08,1,2.0,0.0
sz000630.SZ,000630.SZ,2026-06-08,1,0.5,0.0
sz001225.SZ,001225.SZ,2026-06-08,1,3.12,0.0
sz001323.SZ,001323.SZ,2026-06-08,1,10.0,0.0
sz002073.SZ,002073.SZ,2026-06-08,1,0.2,0.0
sz002091.SZ,002091.SZ,2026-06-08,1,3.0,0.0
sz002127.SZ,002127.SZ,2026-06-08,1,0.6,0.0
sz002333.SZ,002333.SZ,2026-06-08,1,0.1,0.0
sz002353.SZ,002353.SZ,2026-06-08,1,7.0,0.0
sz002753.SZ,002753.SZ,2026-06-08,1,0.46,0.0
sz002943.SZ,002943.SZ,2026-06-08,1,0.0,0.0
sz003001.SZ,003001.SZ,2026-06-08,1,0.76,0.0
sz003021.SZ,003021.SZ,2026-06-08,1,3.85,0.0
sz300739.SZ,300739.SZ,2026-06-08,1,0.7,0.0
sz300829.SZ,300829.SZ,2026-06-08,1,1.0,0.0
sz300938.SZ,300938.SZ,2026-06-08,1,3.0,0.0
sz301007.SZ,301007.SZ,2026-06-08,1,0.7,0.0
sz301046.SZ,301046.SZ,2026-06-08,1,4.0,0.0
sz301060.SZ,301060.SZ,2026-06-08,1,1.8,0.0
sz301081.SZ,301081.SZ,2026-06-08,1,0.5,0.0
sz301095.SZ,301095.SZ,2026-06-08,1,2.0,0.0
sz301097.SZ,301097.SZ,2026-06-08,1,5.0,0.0
sz301115.SZ,301115.SZ,2026-06-08,1,1.2,0.0
sz301191.SZ,301191.SZ,2026-06-08,1,2.0,0.0
sz301209.SZ,301209.SZ,2026-06-08,1,2.1,0.0
sz301223.SZ,301223.SZ,2026-06-08,1,3.5,0.0
sz301389.SZ,301389.SZ,2026-06-08,1,0.97,0.0
sz301449.SZ,301449.SZ,2026-06-08,1,6.0,0.0
sz301513.SZ,301513.SZ,2026-06-08,1,4.7,0.0
sz301683.SZ,301683.SZ,2026-06-08,1,11.0,0.0
sz301687.SZ,301687.SZ,2026-06-08,1,3.0,0.0
bj920089.BJ,920089.BJ,2026-06-09,1,1.2,0.0
bj920118.BJ,920118.BJ,2026-06-09,1,3.0,0.0
bj920367.BJ,920367.BJ,2026-06-09,1,0.3,0.0
bj920662.BJ,920662.BJ,2026-06-09,1,1.2,0.0
bj920685.BJ,920685.BJ,2026-06-09,1,1.3,0.0
sh600206.SH,600206.SH,2026-06-09,1,0.96,0.0
sh600233.SH,600233.SH,2026-06-09,1,2.5,0.0
sh600301.SH,600301.SH,2026-06-09,1,3.9,0.0
sh600310.SH,600310.SH,2026-06-09,1,0.3,0.0
sh600570.SH,600570.SH,2026-06-09,1,2.0,0.0
sh600575.SH,600575.SH,2026-06-09,1,1.9,0.0
sh600969.SH,600969.SH,2026-06-09,1,1.26,0.0
sh601096.SH,601096.SH,2026-06-09,1,0.22,0.0
sh601116.SH,601116.SH,2026-06-09,1,1.0,0.0
sh601128.SH,601128.SH,2026-06-09,1,1.2,0.0
sh601827.SH,601827.SH,2026-06-09,1,2.66,0.0
sh601860.SH,601860.SH,2026-06-09,1,0.5,0.0
sh603035.SH,603035.SH,2026-06-09,1,1.64,0.0
sh603165.SH,603165.SH,2026-06-09,1,11.0,0.0
sh603237.SH,603237.SH,2026-06-09,1,5.0,0.0
sh603256.SH,603256.SH,2026-06-09,1,0.68,0.0
sh603319.SH,603319.SH,2026-06-09,1,0.6,0.0
sh603327.SH,603327.SH,2026-06-09,1,1.1,0.0
sh603380.SH,603380.SH,2026-06-09,1,6.0,0.0
sh603489.SH,603489.SH,2026-06-09,1,1.5,0.0
sh603551.SH,603551.SH,2026-06-09,1,5.5,0.0
sh603601.SH,603601.SH,2026-06-09,1,0.1,0.0
sh603656.SH,603656.SH,2026-06-09,1,0.5,0.0
sh603707.SH,603707.SH,2026-06-09,1,1.0,0.0
sh603859.SH,603859.SH,2026-06-09,1,0.9,0.0
sh603938.SH,603938.SH,2026-06-09,1,0.22,0.0
sh605500.SH,605500.SH,2026-06-09,1,0.7,0.0
sh688046.SH,688046.SH,2026-06-09,1,1.9,0.0
sh688150.SH,688150.SH,2026-06-09,1,1.2,0.0
sh688166.SH,688166.SH,2026-06-09,1,0.16,0.0
sh688233.SH,688233.SH,2026-06-09,1,1.85,0.0
sh688255.SH,688255.SH,2026-06-09,1,1.5,0.0
sh688292.SH,688292.SH,2026-06-09,1,0.6,0.0
sh688368.SH,688368.SH,2026-06-09,1,10.0,0.0
sh688419.SH,688419.SH,2026-06-09,1,4.0,0.0
sh688508.SH,688508.SH,2026-06-09,1,4.5,0.0
sh688571.SH,688571.SH,2026-06-09,1,1.5,0.0
sh688577.SH,688577.SH,2026-06-09,1,4.0,0.0
sh688755.SH,688755.SH,2026-06-09,1,1.2,0.0
sh688807.SH,688807.SH,2026-06-09,1,3.6,0.0
sz000158.SZ,000158.SZ,2026-06-09,1,0.27,0.0
sz000603.SZ,000603.SZ,2026-06-09,1,1.2,0.0
sz000680.SZ,000680.SZ,2026-06-09,1,1.0,0.0
sz000825.SZ,000825.SZ,2026-06-09,1,0.09,0.0
sz000875.SZ,000875.SZ,2026-06-09,1,0.16,0.0
sz001229.SZ,001229.SZ,2026-06-09,1,3.0,0.0
sz002169.SZ,002169.SZ,2026-06-09,1,0.8,0.0
sz002337.SZ,002337.SZ,2026-06-09,1,0.26,0.0
sz002430.SZ,002430.SZ,2026-06-09,1,3.0,0.0
sz002517.SZ,002517.SZ,2026-06-09,1,1.0,0.0
sz002522.SZ,002522.SZ,2026-06-09,1,0.2,0.0
sz002696.SZ,002696.SZ,2026-06-09,1,0.5,0.0
sz002773.SZ,002773.SZ,2026-06-09,1,7.0,0.0
sz002826.SZ,002826.SZ,2026-06-09,1,1.5,0.0
sz002827.SZ,002827.SZ,2026-06-09,1,1.4,0.0
sz002832.SZ,002832.SZ,2026-06-09,1,7.0,0.0
sz002919.SZ,002919.SZ,2026-06-09,1,0.5,0.0
sz002946.SZ,002946.SZ,2026-06-09,1,3.8,0.0
sz003043.SZ,003043.SZ,2026-06-09,1,2.5,0.0
sz300017.SZ,300017.SZ,2026-06-09,1,2.5,0.0
sz300127.SZ,300127.SZ,2026-06-09,1,4.0,0.0
sz300180.SZ,300180.SZ,2026-06-09,1,0.05,0.0
sz300319.SZ,300319.SZ,2026-06-09,1,1.07,0.0
sz300371.SZ,300371.SZ,2026-06-09,1,1.0,0.0
sz300484.SZ,300484.SZ,2026-06-09,1,1.6,0.0
sz300546.SZ,300546.SZ,2026-06-09,1,0.45,0.0
sz300558.SZ,300558.SZ,2026-06-09,1,1.5,0.0
sz300625.SZ,300625.SZ,2026-06-09,1,2.5,0.0
sz300626.SZ,300626.SZ,2026-06-09,1,0.17,0.0
sz300638.SZ,300638.SZ,2026-06-09,1,2.34,0.0
sz300652.SZ,300652.SZ,2026-06-09,1,1.0,0.0
sz300689.SZ,300689.SZ,2026-06-09,1,0.45,0.0
sz300815.SZ,300815.SZ,2026-06-09,1,3.46,0.0
sz300817.SZ,300817.SZ,2026-06-09,1,1.28,0.0
sz300833.SZ,300833.SZ,2026-06-09,1,7.0,0.0
sz300899.SZ,300899.SZ,2026-06-09,1,2.0,0.0
sz300918.SZ,300918.SZ,2026-06-09,1,0.37,0.0
sz300945.SZ,300945.SZ,2026-06-09,1,1.1,0.0
sz300970.SZ,300970.SZ,2026-06-09,1,5.0,0.0
sz301008.SZ,301008.SZ,2026-06-09,1,0.28,0.0
sz301012.SZ,301012.SZ,2026-06-09,1,0.4,0.0
sz301122.SZ,301122.SZ,2026-06-09,1,0.4,0.0
sz301179.SZ,301179.SZ,2026-06-09,1,1.9,0.0
sz301188.SZ,301188.SZ,2026-06-09,1,1.0,0.0
sz301252.SZ,301252.SZ,2026-06-09,1,1.2,0.0
sz301309.SZ,301309.SZ,2026-06-09,1,3.0,0.0
sz301361.SZ,301361.SZ,2026-06-09,1,1.1,0.0
sz301456.SZ,301456.SZ,2026-06-09,1,2.0,0.0
sz301507.SZ,301507.SZ,2026-06-09,1,1.5,0.0
sz301556.SZ,301556.SZ,2026-06-09,1,2.35,0.0
sz301665.SZ,301665.SZ,2026-06-09,1,4.0,0.0
bj920026.BJ,920026.BJ,2026-06-10,1,3.0,0.0
bj920062.BJ,920062.BJ,2026-06-10,1,0.3,0.0
bj920066.BJ,920066.BJ,2026-06-10,1,1.0,0.0
bj920195.BJ,920195.BJ,2026-06-10,1,2.0,0.0
bj920227.BJ,920227.BJ,2026-06-10,1,10.0,0.0
bj920270.BJ,920270.BJ,2026-06-10,1,0.7,0.0
bj920378.BJ,920378.BJ,2026-06-10,1,1.0,0.0
bj920656.BJ,920656.BJ,2026-06-10,1,4.0,0.0
bj920753.BJ,920753.BJ,2026-06-10,1,3.08,0.0
sh600030.SH,600030.SH,2026-06-10,1,4.1,0.0
sh600138.SH,600138.SH,2026-06-10,1,0.36,0.0
sh600191.SH,600191.SH,2026-06-10,1,0.22,0.0
sh600261.SH,600261.SH,2026-06-10,1,1.3,0.0
sh600372.SH,600372.SH,2026-06-10,1,0.46,0.0
sh600854.SH,600854.SH,2026-06-10,1,1.2,0.0
sh600985.SH,600985.SH,2026-06-10,1,2.5,0.0
sh601086.SH,601086.SH,2026-06-10,1,1.0,0.0
sh601168.SH,601168.SH,2026-06-10,1,0.6,0.0
sh601318.SH,601318.SH,2026-06-10,1,17.5,0.0
sh601567.SH,601567.SH,2026-06-10,1,1.45,0.0
sh601636.SH,601636.SH,2026-06-10,1,1.1,0.0
sh601728.SH,601728.SH,2026-06-10,1,0.91,0.0
sh601997.SH,601997.SH,2026-06-10,1,3.0,0.0
sh601998.SH,601998.SH,2026-06-10,1,1.93,0.0
sh603072.SH,603072.SH,2026-06-10,1,2.5,0.0
sh603076.SH,603076.SH,2026-06-10,1,2.0,0.0
sh603106.SH,603106.SH,2026-06-10,1,0.2,0.0
sh603210.SH,603210.SH,2026-06-10,1,1.17,0.0
sh603223.SH,603223.SH,2026-06-10,1,0.7,0.0
sh603273.SH,603273.SH,2026-06-10,1,0.1,0.0
sh603276.SH,603276.SH,2026-06-10,1,1.5,0.0
sh603307.SH,603307.SH,2026-06-10,1,10.0,0.0
sh603395.SH,603395.SH,2026-06-10,1,0.64,0.0
sh603579.SH,603579.SH,2026-06-10,1,5.0,0.0
sh603615.SH,603615.SH,2026-06-10,1,0.2,0.0
sh603810.SH,603810.SH,2026-06-10,1,1.17,0.0
sh603822.SH,603822.SH,2026-06-10,1,1.23,0.0
sh603848.SH,603848.SH,2026-06-10,1,2.0,0.0
sh603856.SH,603856.SH,2026-06-10,1,2.31,0.0
sh603931.SH,603931.SH,2026-06-10,1,1.85,0.0
sh605167.SH,605167.SH,2026-06-10,1,0.5,0.0
sh605259.SH,605259.SH,2026-06-10,1,3.0,0.0
sh605288.SH,605288.SH,2026-06-10,1,7.4,0.0
sh605319.SH,605319.SH,2026-06-10,1,2.5,0.0
sh688019.SH,688019.SH,2026-06-10,1,5.0,0.0
sh688073.SH,688073.SH,2026-06-10,1,11.6,0.0
sh688112.SH,688112.SH,2026-06-10,1,6.6,0.0
sh688120.SH,688120.SH,2026-06-10,1,4.0,0.0
sh688167.SH,688167.SH,2026-06-10,1,0.0,0.0
sh688175.SH,688175.SH,2026-06-10,1,1.0,0.0
sh688193.SH,688193.SH,2026-06-10,1,10.0,0.0
sh688215.SH,688215.SH,2026-06-10,1,1.8,0.0
sh688300.SH,688300.SH,2026-06-10,1,5.0,0.0
sh688315.SH,688315.SH,2026-06-10,1,0.45,0.0
sh688381.SH,688381.SH,2026-06-10,1,1.0,0.0
sh688401.SH,688401.SH,2026-06-10,1,4.0,0.0
sh688449.SH,688449.SH,2026-06-10,1,0.5,0.0
sh688531.SH,688531.SH,2026-06-10,1,6.0,0.0
sh688565.SH,688565.SH,2026-06-10,1,0.3,0.0
sh688589.SH,688589.SH,2026-06-10,1,1.0,0.0
sh688600.SH,688600.SH,2026-06-10,1,2.0,0.0
sh688665.SH,688665.SH,2026-06-10,1,4.0,0.0
sh688677.SH,688677.SH,2026-06-10,1,6.0,0.0
sh688788.SH,688788.SH,2026-06-10,1,0.0,0.0
sz000026.SZ,000026.SZ,2026-06-10,1,1.2,0.0
sz000045.SZ,000045.SZ,2026-06-10,1,0.48,0.0
sz000421.SZ,000421.SZ,2026-06-10,1,0.6,0.0
sz000715.SZ,000715.SZ,2026-06-10,1,0.65,0.0
sz000807.SZ,000807.SZ,2026-06-10,1,3.79,0.0
sz000885.SZ,000885.SZ,2026-06-10,1,3.86,0.0
sz000963.SZ,000963.SZ,2026-06-10,1,5.8,0.0
sz000973.SZ,000973.SZ,2026-06-10,1,0.12,0.0
sz001386.SZ,001386.SZ,2026-06-10,1,3.0,0.0
sz002064.SZ,002064.SZ,2026-06-10,1,1.0,0.0
sz002100.SZ,002100.SZ,2026-06-10,1,0.78,0.0
sz002145.SZ,002145.SZ,2026-06-10,1,0.2,0.0
sz002159.SZ,002159.SZ,2026-06-10,1,2.8,0.0
sz002185.SZ,002185.SZ,2026-06-10,1,0.22,0.0
sz002246.SZ,002246.SZ,2026-06-10,1,0.35,0.0
sz002350.SZ,002350.SZ,2026-06-10,1,0.32,0.0
sz002398.SZ,002398.SZ,2026-06-10,1,0.8,0.0
sz002468.SZ,002468.SZ,2026-06-10,1,1.0,0.0
sz002486.SZ,002486.SZ,2026-06-10,1,0.12,0.0
sz002576.SZ,002576.SZ,2026-06-10,1,0.8,0.0
sz002605.SZ,002605.SZ,2026-06-10,1,5.0,0.0
sz002626.SZ,002626.SZ,2026-06-10,1,4.0,0.0
sz002676.SZ,002676.SZ,2026-06-10,1,0.1,0.0
sz002692.SZ,002692.SZ,2026-06-10,1,0.2,0.0
sz002965.SZ,002965.SZ,2026-06-10,1,2.0,0.0
sz003031.SZ,003031.SZ,2026-06-10,1,4.4,0.0
sz300200.SZ,300200.SZ,2026-06-10,1,1.5,0.0
sz300258.SZ,300258.SZ,2026-06-10,1,0.45,0.0
sz300283.SZ,300283.SZ,2026-06-10,1,0.15,0.0
sz300452.SZ,300452.SZ,2026-06-10,1,3.0,0.0
sz300576.SZ,300576.SZ,2026-06-10,1,0.7,0.0
sz300580.SZ,300580.SZ,2026-06-10,1,1.4,0.0
sz300640.SZ,300640.SZ,2026-06-10,1,0.25,0.0
sz300662.SZ,300662.SZ,2026-06-10,1,2.3,0.0
sz300681.SZ,300681.SZ,2026-06-10,1,0.62,0.0
sz300696.SZ,300696.SZ,2026-06-10,1,0.68,0.0
sz300697.SZ,300697.SZ,2026-06-10,1,1.6,0.0
sz300724.SZ,300724.SZ,2026-06-10,1,12.0,0.0
sz300725.SZ,300725.SZ,2026-06-10,1,2.8,0.0
sz300826.SZ,300826.SZ,2026-06-10,1,0.3,0.0
sz300865.SZ,300865.SZ,2026-06-10,1,0.3,0.0
sz300905.SZ,300905.SZ,2026-06-10,1,3.0,0.0
sz300919.SZ,300919.SZ,2026-06-10,1,3.8,0.0
sz300920.SZ,300920.SZ,2026-06-10,1,1.0,0.0
sz301000.SZ,301000.SZ,2026-06-10,1,2.2,0.0
sz301021.SZ,301021.SZ,2026-06-10,1,1.0,0.0
sz301042.SZ,301042.SZ,2026-06-10,1,4.0,0.0
sz301050.SZ,301050.SZ,2026-06-10,1,0.5,0.0
sz301131.SZ,301131.SZ,2026-06-10,1,1.8,0.0
sz301155.SZ,301155.SZ,2026-06-10,1,1.6,0.0
sz301161.SZ,301161.SZ,2026-06-10,1,1.67,0.0
sz301185.SZ,301185.SZ,2026-06-10,1,2.0,0.0
sz301189.SZ,301189.SZ,2026-06-10,1,0.0,0.0
sz301273.SZ,301273.SZ,2026-06-10,1,0.0,0.0
sz301290.SZ,301290.SZ,2026-06-10,1,3.0,0.0
sz301315.SZ,301315.SZ,2026-06-10,1,3.0,0.0
sz301335.SZ,301335.SZ,2026-06-10,1,1.0,0.0
sz301339.SZ,301339.SZ,2026-06-10,1,1.0,0.0
sz301580.SZ,301580.SZ,2026-06-10,1,4.6,0.0
sz301581.SZ,301581.SZ,2026-06-10,1,3.5,0.0
bj920017.BJ,920017.BJ,2026-06-11,1,6.0,0.0
bj920056.BJ,920056.BJ,2026-06-11,1,1.47,0.0
bj920099.BJ,920099.BJ,2026-06-11,1,2.0,0.0
bj920239.BJ,920239.BJ,2026-06-11,1,4.0,0.0
bj920415.BJ,920415.BJ,2026-06-11,1,0.35,0.0
bj920693.BJ,920693.BJ,2026-06-11,1,0.36,0.0
bj920792.BJ,920792.BJ,2026-06-11,1,1.0,0.0
bj920807.BJ,920807.BJ,2026-06-11,1,1.0,0.0
sh600032.SH,600032.SH,2026-06-11,1,0.27,0.0
sh600111.SH,600111.SH,2026-06-11,1,1.3,0.0
sh600160.SH,600160.SH,2026-06-11,1,3.8,0.0
sh600285.SH,600285.SH,2026-06-11,1,11.0,0.0
sh600549.SH,600549.SH,2026-06-11,1,4.0,0.0
sh600596.SH,600596.SH,2026-06-11,1,1.0,0.0
sh600812.SH,600812.SH,2026-06-11,1,0.35,0.0
sh600929.SH,600929.SH,2026-06-11,1,0.15,0.0
sh600970.SH,600970.SH,2026-06-11,1,4.8,0.0
sh601101.SH,601101.SH,2026-06-11,1,2.5,0.0
sh601808.SH,601808.SH,2026-06-11,1,2.83,0.0
sh601968.SH,601968.SH,2026-06-11,1,0.3,0.0
sh603017.SH,603017.SH,2026-06-11,1,1.5,0.0
sh603045.SH,603045.SH,2026-06-11,1,1.48,0.0
sh603065.SH,603065.SH,2026-06-11,1,2.0,0.0
sh603109.SH,603109.SH,2026-06-11,1,2.5,0.0
sh603116.SH,603116.SH,2026-06-11,1,2.2,0.0
sh603187.SH,603187.SH,2026-06-11,1,2.5,0.0
sh603191.SH,603191.SH,2026-06-11,1,0.5,0.0
sh603337.SH,603337.SH,2026-06-11,1,4.5,0.0
sh603456.SH,603456.SH,2026-06-11,1,1.0,0.0
sh603530.SH,603530.SH,2026-06-11,1,3.5,0.0
sh603706.SH,603706.SH,2026-06-11,1,9.0,0.0
sh603878.SH,603878.SH,2026-06-11,1,0.5,0.0
sh603885.SH,603885.SH,2026-06-11,1,2.0,0.0
sh603980.SH,603980.SH,2026-06-11,1,1.47,0.0
sh605183.SH,605183.SH,2026-06-11,1,4.0,0.0
sh605599.SH,605599.SH,2026-06-11,1,7.8,0.0
sh688085.SH,688085.SH,2026-06-11,1,0.19,0.0
sh688095.SH,688095.SH,2026-06-11,1,3.0,0.0
sh688190.SH,688190.SH,2026-06-11,1,6.0,0.0
sh688200.SH,688200.SH,2026-06-11,1,11.9,0.0
sh688257.SH,688257.SH,2026-06-11,1,2.5,0.0
sh688269.SH,688269.SH,2026-06-11,1,3.0,0.0
sh688313.SH,688313.SH,2026-06-11,1,3.0,0.0
sh688335.SH,688335.SH,2026-06-11,1,2.0,0.0
sh688667.SH,688667.SH,2026-06-11,1,8.0,0.0
sh688716.SH,688716.SH,2026-06-11,1,2.0,0.0
sh688819.SH,688819.SH,2026-06-11,1,5.5,0.0
sz000021.SZ,000021.SZ,2026-06-11,1,2.2,0.0
sz000100.SZ,000100.SZ,2026-06-11,1,0.9,0.0
sz000856.SZ,000856.SZ,2026-06-11,1,0.4,0.0
sz000970.SZ,000970.SZ,2026-06-11,1,0.25,0.0
sz001287.SZ,001287.SZ,2026-06-11,1,1.18,0.0
sz002020.SZ,002020.SZ,2026-06-11,1,3.5,0.0
sz002067.SZ,002067.SZ,2026-06-11,1,0.1,0.0
sz002125.SZ,002125.SZ,2026-06-11,1,1.15,0.0
sz002155.SZ,002155.SZ,2026-06-11,1,3.0,0.0
sz002266.SZ,002266.SZ,2026-06-11,1,0.6,0.0
sz002365.SZ,002365.SZ,2026-06-11,1,1.0,0.0
sz002556.SZ,002556.SZ,2026-06-11,1,1.0,0.0
sz002588.SZ,002588.SZ,2026-06-11,1,2.7,0.0
sz002643.SZ,002643.SZ,2026-06-11,1,1.25,0.0
sz002687.SZ,002687.SZ,2026-06-11,1,0.85,0.0
sz002783.SZ,002783.SZ,2026-06-11,1,1.0,0.0
sz002889.SZ,002889.SZ,2026-06-11,1,0.3,0.0
sz003010.SZ,003010.SZ,2026-06-11,1,3.0,0.0
sz003025.SZ,003025.SZ,2026-06-11,1,2.0,0.0
sz300007.SZ,300007.SZ,2026-06-11,1,0.5,0.0
sz300066.SZ,300066.SZ,2026-06-11,1,0.5,0.0
sz300243.SZ,300243.SZ,2026-06-11,1,0.9,0.0
sz300425.SZ,300425.SZ,2026-06-11,1,0.04,0.0
sz300439.SZ,300439.SZ,2026-06-11,1,0.33,0.0
sz300493.SZ,300493.SZ,2026-06-11,1,0.2,0.0
sz300502.SZ,300502.SZ,2026-06-11,1,10.0,0.0
sz300566.SZ,300566.SZ,2026-06-11,1,2.0,0.0
sz300601.SZ,300601.SZ,2026-06-11,1,0.35,0.0
sz300677.SZ,300677.SZ,2026-06-11,1,1.0,0.0
sz300819.SZ,300819.SZ,2026-06-11,1,1.35,0.0
sz300890.SZ,300890.SZ,2026-06-11,1,1.0,0.0
sz300965.SZ,300965.SZ,2026-06-11,1,4.6,0.0
sz300971.SZ,300971.SZ,2026-06-11,1,2.5,0.0
sz300994.SZ,300994.SZ,2026-06-11,1,5.6,0.0
sz301080.SZ,301080.SZ,2026-06-11,1,6.0,0.0
sz301111.SZ,301111.SZ,2026-06-11,1,0.5,0.0
sz301318.SZ,301318.SZ,2026-06-11,1,4.28,0.0
sz301338.SZ,301338.SZ,2026-06-11,1,5.3,0.0
sz301459.SZ,301459.SZ,2026-06-11,1,2.0,0.0
sz301525.SZ,301525.SZ,2026-06-11,1,3.0,0.0
sz301560.SZ,301560.SZ,2026-06-11,1,0.8,0.0
sz301596.SZ,301596.SZ,2026-06-11,1,2.0,0.0
sz301601.SZ,301601.SZ,2026-06-11,1,1.1,0.0
bj920184.BJ,920184.BJ,2026-06-12,1,1.0,0.0
bj920245.BJ,920245.BJ,2026-06-12,1,2.0,0.0
bj920429.BJ,920429.BJ,2026-06-12,1,1.0,0.0
bj920471.BJ,920471.BJ,2026-06-12,1,1.0,0.0
bj920593.BJ,920593.BJ,2026-06-12,1,0.8,0.0
bj920790.BJ,920790.BJ,2026-06-12,1,1.0,0.0
bj920826.BJ,920826.BJ,2026-06-12,1,1.0,0.0
bj920876.BJ,920876.BJ,2026-06-12,1,0.5,0.0
bj920924.BJ,920924.BJ,2026-06-12,1,0.2,0.0
sh600017.SH,600017.SH,2026-06-12,1,0.4,0.0
sh600125.SH,600125.SH,2026-06-12,1,0.71,0.0
sh600373.SH,600373.SH,2026-06-12,1,2.0,0.0
sh600378.SH,600378.SH,2026-06-12,1,3.92,0.0
sh600379.SH,600379.SH,2026-06-12,1,0.28,0.0
sh600425.SH,600425.SH,2026-06-12,1,1.0,0.0
sh600563.SH,600563.SH,2026-06-12,1,23.0,0.0
sh600582.SH,600582.SH,2026-06-12,1,3.0,0.0
sh600633.SH,600633.SH,2026-06-12,1,1.7,0.0
sh600724.SH,600724.SH,2026-06-12,1,0.5,0.0
sh600738.SH,600738.SH,2026-06-12,1,1.0,0.0
sh600888.SH,600888.SH,2026-06-12,1,1.3,0.0
sh601016.SH,601016.SH,2026-06-12,1,0.03,0.0
sh601158.SH,601158.SH,2026-06-12,1,1.01,0.0
sh601166.SH,601166.SH,2026-06-12,1,5.01,0.0
sh601677.SH,601677.SH,2026-06-12,1,2.15,0.0
sh601811.SH,601811.SH,2026-06-12,1,4.2,0.0
sh603002.SH,603002.SH,2026-06-12,1,0.15,0.0
sh603015.SH,603015.SH,2026-06-12,1,0.8,0.0
sh603037.SH,603037.SH,2026-06-12,1,2.0,0.0
sh603163.SH,603163.SH,2026-06-12,1,6.5,0.0
sh603198.SH,603198.SH,2026-06-12,1,15.0,0.0
sh603303.SH,603303.SH,2026-06-12,1,3.1,0.0
sh603396.SH,603396.SH,2026-06-12,1,1.5,0.0
sh603402.SH,603402.SH,2026-06-12,1,20.0,0.0
sh603667.SH,603667.SH,2026-06-12,1,1.2,0.0
sh603819.SH,603819.SH,2026-06-12,1,0.4,0.0
sh603915.SH,603915.SH,2026-06-12,1,1.0,0.0
sh603970.SH,603970.SH,2026-06-12,1,3.2,0.0
sh605099.SH,605099.SH,2026-06-12,1,8.3,0.0
sh605266.SH,605266.SH,2026-06-12,1,12.7,0.0
sh605365.SH,605365.SH,2026-06-12,1,2.1,0.0
sh605488.SH,605488.SH,2026-06-12,1,1.5,0.0
sh605589.SH,605589.SH,2026-06-12,1,6.5,0.0
sh688076.SH,688076.SH,2026-06-12,1,3.5,0.0
sh688283.SH,688283.SH,2026-06-12,1,2.6,0.0
sh688301.SH,688301.SH,2026-06-12,1,10.0,0.0
sh688306.SH,688306.SH,2026-06-12,1,0.08,0.0
sh688351.SH,688351.SH,2026-06-12,1,0.21,0.0
sh688371.SH,688371.SH,2026-06-12,1,0.5,0.0
sh688395.SH,688395.SH,2026-06-12,1,1.8,0.0
sh688536.SH,688536.SH,2026-06-12,1,1.55,0.0
sh688545.SH,688545.SH,2026-06-12,1,3.0,0.0
sh688552.SH,688552.SH,2026-06-12,1,0.29,0.0
sh688575.SH,688575.SH,2026-06-12,1,0.21,0.0
sh688683.SH,688683.SH,2026-06-12,1,0.8,0.0
sz000001.SZ,000001.SZ,2026-06-12,1,3.6,0.0
sz000786.SZ,000786.SZ,2026-06-12,1,6.85,0.0
sz000789.SZ,000789.SZ,2026-06-12,1,1.5,0.0
sz000869.SZ,000869.SZ,2026-06-12,1,2.5,0.0
sz000931.SZ,000931.SZ,2026-06-12,1,0.2,0.0
sz000938.SZ,000938.SZ,2026-06-12,1,0.65,0.0
sz000988.SZ,000988.SZ,2026-06-12,1,2.5,0.0
sz000998.SZ,000998.SZ,2026-06-12,1,0.42,0.0
sz001208.SZ,001208.SZ,2026-06-12,1,0.65,0.0
sz001696.SZ,001696.SZ,2026-06-12,1,2.0,0.0
sz002017.SZ,002017.SZ,2026-06-12,1,1.45,0.0
sz002093.SZ,002093.SZ,2026-06-12,1,0.6,0.0
sz002095.SZ,002095.SZ,2026-06-12,1,0.5,0.0
sz002204.SZ,002204.SZ,2026-06-12,1,0.95,0.0
sz002258.SZ,002258.SZ,2026-06-12,1,2.0,0.0
sz002276.SZ,002276.SZ,2026-06-12,1,0.55,0.0
sz002278.SZ,002278.SZ,2026-06-12,1,0.6,0.0
sz002284.SZ,002284.SZ,2026-06-12,1,1.0,0.0
sz002312.SZ,002312.SZ,2026-06-12,1,0.9,0.0
sz002324.SZ,002324.SZ,2026-06-12,1,0.55,0.0
sz002461.SZ,002461.SZ,2026-06-12,1,1.9,0.0
sz002498.SZ,002498.SZ,2026-06-12,1,0.4,0.0
sz002543.SZ,002543.SZ,2026-06-12,1,2.4,0.0
sz002580.SZ,002580.SZ,2026-06-12,1,0.4,0.0
sz002648.SZ,002648.SZ,2026-06-12,1,5.0,0.0
sz002899.SZ,002899.SZ,2026-06-12,1,0.83,0.0
sz002938.SZ,002938.SZ,2026-06-12,1,10.0,0.0
sz003023.SZ,003023.SZ,2026-06-12,1,3.5,0.0
sz300040.SZ,300040.SZ,2026-06-12,1,0.2,0.0
sz300144.SZ,300144.SZ,2026-06-12,1,2.5,0.0
sz300179.SZ,300179.SZ,2026-06-12,1,3.0,0.0
sz300217.SZ,300217.SZ,2026-06-12,1,0.16,0.0
sz300226.SZ,300226.SZ,2026-06-12,1,0.5,0.0
sz300281.SZ,300281.SZ,2026-06-12,1,0.2,0.0
sz300394.SZ,300394.SZ,2026-06-12,1,7.0,0.0
sz300559.SZ,300559.SZ,2026-06-12,1,0.7,0.0
sz300695.SZ,300695.SZ,2026-06-12,1,1.5,0.0
sz300722.SZ,300722.SZ,2026-06-12,1,1.8,0.0
sz300726.SZ,300726.SZ,2026-06-12,1,10.0,0.0
sz300779.SZ,300779.SZ,2026-06-12,1,1.5,0.0
sz300882.SZ,300882.SZ,2026-06-12,1,2.0,0.0
sz300893.SZ,300893.SZ,2026-06-12,1,0.78,0.0
sz301170.SZ,301170.SZ,2026-06-12,1,2.5,0.0
sz301211.SZ,301211.SZ,2026-06-12,1,0.6,0.0
sz301363.SZ,301363.SZ,2026-06-12,1,2.0,0.0
sz301520.SZ,301520.SZ,2026-06-12,1,3.0,0.0
bj920069.BJ,920069.BJ,2026-06-15,1,5.1,0.0
bj920533.BJ,920533.BJ,2026-06-15,1,1.0,0.0
bj920914.BJ,920914.BJ,2026-06-15,1,1.5,0.0
sh600318.SH,600318.SH,2026-06-15,1,0.2,0.0
sh600351.SH,600351.SH,2026-06-15,1,1.5,0.0
sh600496.SH,600496.SH,2026-06-15,1,2.2,0.0
sh600552.SH,600552.SH,2026-06-15,1,0.5,0.0
sh600817.SH,600817.SH,2026-06-15,1,4.0,0.0
sh600901.SH,600901.SH,2026-06-15,1,1.7,0.0
sh600903.SH,600903.SH,2026-06-15,1,0.14,0.0
sh600926.SH,600926.SH,2026-06-15,1,2.8,0.0
sh601009.SH,601009.SH,2026-06-15,1,2.23,0.0
sh601107.SH,601107.SH,2026-06-15,1,2.97,0.0
sh601121.SH,601121.SH,2026-06-15,1,0.72,0.0
sh601231.SH,601231.SH,2026-06-15,1,4.3,0.0
sh603066.SH,603066.SH,2026-06-15,1,0.34,0.0
sh603113.SH,603113.SH,2026-06-15,1,0.48,0.0
sh603172.SH,603172.SH,2026-06-15,1,0.7,0.0
sh603176.SH,603176.SH,2026-06-15,1,0.15,0.0
sh603288.SH,603288.SH,2026-06-15,1,8.0,0.0
sh603569.SH,603569.SH,2026-06-15,1,3.4,0.0
sh603638.SH,603638.SH,2026-06-15,1,1.0,0.0
sh603936.SH,603936.SH,2026-06-15,1,0.1,0.0
sh605116.SH,605116.SH,2026-06-15,1,3.4,0.0
sh605138.SH,605138.SH,2026-06-15,1,0.54,0.0
sh688056.SH,688056.SH,2026-06-15,1,1.5,0.0
sh688080.SH,688080.SH,2026-06-15,1,1.1,0.0
sh688136.SH,688136.SH,2026-06-15,1,2.5,0.0
sh688357.SH,688357.SH,2026-06-15,1,3.0,0.0
sh688486.SH,688486.SH,2026-06-15,1,10.4,0.0
sh688516.SH,688516.SH,2026-06-15,1,8.0,0.0
sh688662.SH,688662.SH,2026-06-15,1,4.0,0.0
sh688697.SH,688697.SH,2026-06-15,1,4.5,0.0
sh688720.SH,688720.SH,2026-06-15,1,1.1,0.0
sz000011.SZ,000011.SZ,2026-06-15,1,0.2,0.0
sz000029.SZ,000029.SZ,2026-06-15,1,0.35,0.0
sz000422.SZ,000422.SZ,2026-06-15,1,2.5,0.0
sz000573.SZ,000573.SZ,2026-06-15,1,0.5,0.0
sz000589.SZ,000589.SZ,2026-06-15,1,0.9,0.0
sz000703.SZ,000703.SZ,2026-06-15,1,0.5,0.0
sz000783.SZ,000783.SZ,2026-06-15,1,3.0,0.0
sz000899.SZ,000899.SZ,2026-06-15,1,5.67,0.0
sz000923.SZ,000923.SZ,2026-06-15,1,6.0,0.0
sz001255.SZ,001255.SZ,2026-06-15,1,0.4,0.0
sz002007.SZ,002007.SZ,2026-06-15,1,5.0,0.0
sz002042.SZ,002042.SZ,2026-06-15,1,0.12,0.0
sz002557.SZ,002557.SZ,2026-06-15,1,10.0,0.0
sz002662.SZ,002662.SZ,2026-06-15,1,0.5,0.0
sz002765.SZ,002765.SZ,2026-06-15,1,0.5,0.0
sz002777.SZ,002777.SZ,2026-06-15,1,1.0,0.0
sz002845.SZ,002845.SZ,2026-06-15,1,0.4,0.0
sz002933.SZ,002933.SZ,2026-06-15,1,0.2,0.0
sz300145.SZ,300145.SZ,2026-06-15,1,0.5,0.0
sz300470.SZ,300470.SZ,2026-06-15,1,5.0,0.0
sz300550.SZ,300550.SZ,2026-06-15,1,0.3,0.0
sz300637.SZ,300637.SZ,2026-06-15,1,0.3,0.0
sz300810.SZ,300810.SZ,2026-06-15,1,0.2,0.0
sz300816.SZ,300816.SZ,2026-06-15,1,0.95,0.0
sz301025.SZ,301025.SZ,2026-06-15,1,0.15,0.0
sz301070.SZ,301070.SZ,2026-06-15,1,0.0,0.0
sz301150.SZ,301150.SZ,2026-06-15,1,2.8,0.0
sz301207.SZ,301207.SZ,2026-06-15,1,8.0,0.0
sz301538.SZ,301538.SZ,2026-06-15,1,3.0,0.0
sz301585.SZ,301585.SZ,2026-06-15,1,2.1,0.0
sz301632.SZ,301632.SZ,2026-06-15,1,1.2,0.0
bj920392.BJ,920392.BJ,2026-06-16,1,1.0,0.0
bj920770.BJ,920770.BJ,2026-06-16,1,1.8,0.0
bj920943.BJ,920943.BJ,2026-06-16,1,2.0,0.0
sh600051.SH,600051.SH,2026-06-16,1,0.6,0.0
sh600236.SH,600236.SH,2026-06-16,1,2.43,0.0
sh600267.SH,600267.SH,2026-06-16,1,2.1,0.0
sh600332.SH,600332.SH,2026-06-16,1,4.5,0.0
sh600477.SH,600477.SH,2026-06-16,1,0.16,0.0
sh600663.SH,600663.SH,2026-06-16,1,0.6,0.0
sh600801.SH,600801.SH,2026-06-16,1,2.1,0.0
sh600933.SH,600933.SH,2026-06-16,1,4.0,0.0
sh601022.SH,601022.SH,2026-06-16,1,0.63,0.0
sh601077.SH,601077.SH,2026-06-16,1,1.18,0.0
sh601619.SH,601619.SH,2026-06-16,1,0.2,0.0
sh603029.SH,603029.SH,2026-06-16,1,1.85,0.0
sh603290.SH,603290.SH,2026-06-16,1,5.08,0.0
sh603306.SH,603306.SH,2026-06-16,1,0.8,0.0
sh603368.SH,603368.SH,2026-06-16,1,6.8,0.0
sh603506.SH,603506.SH,2026-06-16,1,2.14,0.0
sh603566.SH,603566.SH,2026-06-16,1,4.0,0.0
sh603607.SH,603607.SH,2026-06-16,1,5.0,0.0
sh603688.SH,603688.SH,2026-06-16,1,0.86,0.0
sh603933.SH,603933.SH,2026-06-16,1,0.6,0.0
sh605111.SH,605111.SH,2026-06-16,1,1.91,0.0
sh605180.SH,605180.SH,2026-06-16,1,0.7,0.0
sh605333.SH,605333.SH,2026-06-16,1,2.0,0.0
sh605339.SH,605339.SH,2026-06-16,1,0.3,0.0
sh605378.SH,605378.SH,2026-06-16,1,1.5,0.0
sh688025.SH,688025.SH,2026-06-16,1,8.9,0.0
sh688069.SH,688069.SH,2026-06-16,1,5.0,0.0
sh688253.SH,688253.SH,2026-06-16,1,4.5,0.0
sh688525.SH,688525.SH,2026-06-16,1,2.14,0.0
sh688616.SH,688616.SH,2026-06-16,1,3.0,0.0
sh688733.SH,688733.SH,2026-06-16,1,1.0,0.0
sz000513.SZ,000513.SZ,2026-06-16,1,14.3,0.0
sz000810.SZ,000810.SZ,2026-06-16,1,0.8,0.0
sz000920.SZ,000920.SZ,2026-06-16,1,1.64,0.0
sz001220.SZ,001220.SZ,2026-06-16,1,4.53,0.0
sz001318.SZ,001318.SZ,2026-06-16,1,2.3,0.0
sz001326.SZ,001326.SZ,2026-06-16,1,1.4,0.0
sz001395.SZ,001395.SZ,2026-06-16,1,10.0,0.0
sz002004.SZ,002004.SZ,2026-06-16,1,2.5,0.0
sz002046.SZ,002046.SZ,2026-06-16,1,1.96,0.0
sz002063.SZ,002063.SZ,2026-06-16,1,0.32,0.0
sz002224.SZ,002224.SZ,2026-06-16,1,0.15,0.0
sz002391.SZ,002391.SZ,2026-06-16,1,2.0,0.0
sz002412.SZ,002412.SZ,2026-06-16,1,3.0,0.0
sz002599.SZ,002599.SZ,2026-06-16,1,0.1,0.0
sz002603.SZ,002603.SZ,2026-06-16,1,5.0,0.0
sz002730.SZ,002730.SZ,2026-06-16,1,1.0,0.0
sz002792.SZ,002792.SZ,2026-06-16,1,0.25,0.0
sz002842.SZ,002842.SZ,2026-06-16,1,1.38,0.0
sz002882.SZ,002882.SZ,2026-06-16,1,1.0,0.0
sz002935.SZ,002935.SZ,2026-06-16,1,0.5,0.0
sz300047.SZ,300047.SZ,2026-06-16,1,0.15,0.0
sz300240.SZ,300240.SZ,2026-06-16,1,0.2,0.0
sz300272.SZ,300272.SZ,2026-06-16,1,0.5,0.0
sz300494.SZ,300494.SZ,2026-06-16,1,0.05,0.0
sz300651.SZ,300651.SZ,2026-06-16,1,1.0,0.0
sz300775.SZ,300775.SZ,2026-06-16,1,1.0,0.0
sz300840.SZ,300840.SZ,2026-06-16,1,1.0,0.0
sz300913.SZ,300913.SZ,2026-06-16,1,1.6,0.0
sz300922.SZ,300922.SZ,2026-06-16,1,2.0,0.0
sz301065.SZ,301065.SZ,2026-06-16,1,3.0,0.0
sz301137.SZ,301137.SZ,2026-06-16,1,0.85,0.0
sz301178.SZ,301178.SZ,2026-06-16,1,0.5,0.0
sz301226.SZ,301226.SZ,2026-06-16,1,0.6,0.0
sz301236.SZ,301236.SZ,2026-06-16,1,0.5,0.0
sz301265.SZ,301265.SZ,2026-06-16,1,1.0,0.0
sz301281.SZ,301281.SZ,2026-06-16,1,0.5,0.0
sz301390.SZ,301390.SZ,2026-06-16,1,0.5,0.0
sz301418.SZ,301418.SZ,2026-06-16,1,1.0,0.0
sz301429.SZ,301429.SZ,2026-06-16,1,1.74,0.0
sz301469.SZ,301469.SZ,2026-06-16,1,4.0,0.0
sz302132.SZ,302132.SZ,2026-06-16,1,3.86,0.0
bj920124.BJ,920124.BJ,2026-06-17,1,1.5,0.0
bj920274.BJ,920274.BJ,2026-06-17,1,1.5,0.0
bj920371.BJ,920371.BJ,2026-06-17,1,1.0,0.0
bj920957.BJ,920957.BJ,2026-06-17,1,1.0,0.0
sh600028.SH,600028.SH,2026-06-17,1,1.12,0.0
sh600057.SH,600057.SH,2026-06-17,1,1.2,0.0
sh600105.SH,600105.SH,2026-06-17,1,0.15,0.0
sh600171.SH,600171.SH,2026-06-17,1,1.2,0.0
sh600184.SH,600184.SH,2026-06-17,1,0.33,0.0
sh600295.SH,600295.SH,2026-06-17,1,7.0,0.0
sh600475.SH,600475.SH,2026-06-17,1,2.5,0.0
sh600499.SH,600499.SH,2026-06-17,1,3.0,0.0
sh600508.SH,600508.SH,2026-06-17,1,2.1,0.0
sh600613.SH,600613.SH,2026-06-17,1,0.7,0.0
sh600740.SH,600740.SH,2026-06-17,1,0.25,0.0
sh600757.SH,600757.SH,2026-06-17,1,4.1,0.0
sh600861.SH,600861.SH,2026-06-17,1,10.33,0.0
sh600862.SH,600862.SH,2026-06-17,1,2.23,0.0
sh601038.SH,601038.SH,2026-06-17,1,1.97,0.0
sh601069.SH,601069.SH,2026-06-17,1,1.56,0.0
sh601112.SH,601112.SH,2026-06-17,1,1.72,0.0
sh603016.SH,603016.SH,2026-06-17,1,3.4,0.0
sh603078.SH,603078.SH,2026-06-17,1,0.6,0.0
sh603126.SH,603126.SH,2026-06-17,1,0.1,0.0
sh603173.SH,603173.SH,2026-06-17,1,8.2,0.0
sh603185.SH,603185.SH,2026-06-17,1,1.5,0.0
sh603197.SH,603197.SH,2026-06-17,1,1.9,0.0
sh603202.SH,603202.SH,2026-06-17,1,15.0,0.0
sh603271.SH,603271.SH,2026-06-17,1,4.55,0.0
sh603296.SH,603296.SH,2026-06-17,1,12.0,0.0
sh603297.SH,603297.SH,2026-06-17,1,9.0,0.0
sh603655.SH,603655.SH,2026-06-17,1,2.5,0.0
sh603693.SH,603693.SH,2026-06-17,1,1.5,0.0
sh605033.SH,605033.SH,2026-06-17,1,1.0,0.0
sh605077.SH,605077.SH,2026-06-17,1,3.0,0.0
sh605090.SH,605090.SH,2026-06-17,1,2.5,0.0
sh605118.SH,605118.SH,2026-06-17,1,3.0,0.0
sh605277.SH,605277.SH,2026-06-17,1,2.1,0.0
sh605300.SH,605300.SH,2026-06-17,1,0.7,0.0
sh688021.SH,688021.SH,2026-06-17,1,1.0,0.0
sh688128.SH,688128.SH,2026-06-17,1,3.0,0.0
sh688146.SH,688146.SH,2026-06-17,1,1.96,0.0
sh688270.SH,688270.SH,2026-06-17,1,0.0,0.0
sh688366.SH,688366.SH,2026-06-17,1,6.0,0.0
sh688388.SH,688388.SH,2026-06-17,1,0.45,0.0
sh688507.SH,688507.SH,2026-06-17,1,1.43,0.0
sh688553.SH,688553.SH,2026-06-17,1,2.0,0.0
sh688581.SH,688581.SH,2026-06-17,1,10.39,0.0
sh688588.SH,688588.SH,2026-06-17,1,2.0,0.0
sh688591.SH,688591.SH,2026-06-17,1,2.66,0.0
sh688626.SH,688626.SH,2026-06-17,1,1.8,0.0
sh688627.SH,688627.SH,2026-06-17,1,2.24,0.0
sh688631.SH,688631.SH,2026-06-17,1,1.7,0.0
sh688800.SH,688800.SH,2026-06-17,1,3.0,0.0
sz000065.SZ,000065.SZ,2026-06-17,1,1.37,0.0
sz000919.SZ,000919.SZ,2026-06-17,1,1.0,0.0
sz000937.SZ,000937.SZ,2026-06-17,1,1.0,0.0
sz001230.SZ,001230.SZ,2026-06-17,1,3.8,0.0
sz002106.SZ,002106.SZ,2026-06-17,1,1.0,0.0
sz002120.SZ,002120.SZ,2026-06-17,1,2.0,0.0
sz002165.SZ,002165.SZ,2026-06-17,1,0.3,0.0
sz002287.SZ,002287.SZ,2026-06-17,1,4.1,0.0
sz002290.SZ,002290.SZ,2026-06-17,1,2.1,0.0
sz002296.SZ,002296.SZ,2026-06-17,1,1.3,0.0
sz002311.SZ,002311.SZ,2026-06-17,1,11.0,0.0
sz002327.SZ,002327.SZ,2026-06-17,1,3.85,0.0
sz002438.SZ,002438.SZ,2026-06-17,1,2.0,0.0
sz002539.SZ,002539.SZ,2026-06-17,1,2.0,0.0
sz002553.SZ,002553.SZ,2026-06-17,1,1.0,0.0
sz300002.SZ,300002.SZ,2026-06-17,1,0.6,0.0
sz300018.SZ,300018.SZ,2026-06-17,1,1.0,0.0
sz300036.SZ,300036.SZ,2026-06-17,1,0.3,0.0
sz300054.SZ,300054.SZ,2026-06-17,1,1.0,0.0
sz300113.SZ,300113.SZ,2026-06-17,1,1.2,0.0
sz300187.SZ,300187.SZ,2026-06-17,1,0.3,0.0
sz300257.SZ,300257.SZ,2026-06-17,1,1.0,0.0
sz300404.SZ,300404.SZ,2026-06-17,1,0.13,0.0
sz300434.SZ,300434.SZ,2026-06-17,1,0.82,0.0
sz300446.SZ,300446.SZ,2026-06-17,1,3.2,0.0
sz300454.SZ,300454.SZ,2026-06-17,1,1.1,0.0
sz300649.SZ,300649.SZ,2026-06-17,1,0.5,0.0
sz300680.SZ,300680.SZ,2026-06-17,1,2.0,0.0
sz300682.SZ,300682.SZ,2026-06-17,1,1.9,0.0
sz300777.SZ,300777.SZ,2026-06-17,1,2.28,0.0
sz300828.SZ,300828.SZ,2026-06-17,1,0.6,0.0
sz300978.SZ,300978.SZ,2026-06-17,1,3.0,0.0
sz301011.SZ,301011.SZ,2026-06-17,1,1.5,0.0
sz301370.SZ,301370.SZ,2026-06-17,1,1.22,0.0
sz301519.SZ,301519.SZ,2026-06-17,1,1.0,0.0
sz301658.SZ,301658.SZ,2026-06-17,1,0.73,0.0
bj920077.BJ,920077.BJ,2026-06-18,1,1.0,0.0
bj920078.BJ,920078.BJ,2026-06-18,1,1.0,0.0
bj920128.BJ,920128.BJ,2026-06-18,1,1.0,0.0
bj920174.BJ,920174.BJ,2026-06-18,1,3.0,0.0
bj920230.BJ,920230.BJ,2026-06-18,1,1.5,0.0
bj920508.BJ,920508.BJ,2026-06-18,1,0.5,0.0
bj920547.BJ,920547.BJ,2026-06-18,1,2.0,0.0
bj920665.BJ,920665.BJ,2026-06-18,1,1.0,0.0
bj920802.BJ,920802.BJ,2026-06-18,1,1.2,0.0
bj920839.BJ,920839.BJ,2026-06-18,1,5.5,0.0
sh600008.SH,600008.SH,2026-06-18,1,0.8,0.0
sh600037.SH,600037.SH,2026-06-18,1,0.5,0.0
sh600132.SH,600132.SH,2026-06-18,1,12.0,0.0
sh600148.SH,600148.SH,2026-06-18,1,0.4,0.0
sh600218.SH,600218.SH,2026-06-18,1,0.3,0.0
sh600258.SH,600258.SH,2026-06-18,1,4.5,0.0
sh600313.SH,600313.SH,2026-06-18,1,0.09,0.0
sh600350.SH,600350.SH,2026-06-18,1,4.2,0.0
sh600352.SH,600352.SH,2026-06-18,1,1.0,0.0
sh600415.SH,600415.SH,2026-06-18,1,5.0,0.0
sh600502.SH,600502.SH,2026-06-18,1,1.7,0.0
sh600511.SH,600511.SH,2026-06-18,1,8.0,0.0
sh600521.SH,600521.SH,2026-06-18,1,1.0,0.0
sh600592.SH,600592.SH,2026-06-18,1,0.85,0.0
sh600710.SH,600710.SH,2026-06-18,1,4.15,0.0
sh600717.SH,600717.SH,2026-06-18,1,1.02,0.0
sh600755.SH,600755.SH,2026-06-18,1,1.2,0.0
sh600775.SH,600775.SH,2026-06-18,1,0.1,0.0
sh600826.SH,600826.SH,2026-06-18,1,2.4,0.0
sh600980.SH,600980.SH,2026-06-18,1,1.4,0.0
sh600983.SH,600983.SH,2026-06-18,1,6.7,0.0
sh601026.SH,601026.SH,2026-06-18,1,2.3,0.0
sh601139.SH,601139.SH,2026-06-18,1,1.6,0.0
sh601339.SH,601339.SH,2026-06-18,1,2.5,0.0
sh601717.SH,601717.SH,2026-06-18,1,12.5,0.0
sh601865.SH,601865.SH,2026-06-18,1,1.5,0.0
sh603038.SH,603038.SH,2026-06-18,1,0.5,0.0
sh603049.SH,603049.SH,2026-06-18,1,14.3,0.0
sh603098.SH,603098.SH,2026-06-18,1,1.0,0.0
sh603111.SH,603111.SH,2026-06-18,1,3.0,0.0
sh603171.SH,603171.SH,2026-06-18,1,2.0,0.0
sh603230.SH,603230.SH,2026-06-18,1,1.5,0.0
sh603257.SH,603257.SH,2026-06-18,1,5.0,0.0
sh603266.SH,603266.SH,2026-06-18,1,1.2,0.0
sh603299.SH,603299.SH,2026-06-18,1,2.52,0.0
sh603301.SH,603301.SH,2026-06-18,1,3.0,0.0
sh603305.SH,603305.SH,2026-06-18,1,1.6,0.0
sh603310.SH,603310.SH,2026-06-18,1,2.0,0.0
sh603321.SH,603321.SH,2026-06-18,1,0.5,0.0
sh603323.SH,603323.SH,2026-06-18,1,1.2,0.0
sh603365.SH,603365.SH,2026-06-18,1,8.0,0.0
sh603387.SH,603387.SH,2026-06-18,1,1.5,0.0
sh603409.SH,603409.SH,2026-06-18,1,3.0,0.0
sh603496.SH,603496.SH,2026-06-18,1,0.2,0.0
sh603516.SH,603516.SH,2026-06-18,1,1.0,0.0
sh603612.SH,603612.SH,2026-06-18,1,1.2,0.0
sh603726.SH,603726.SH,2026-06-18,1,5.5,0.0
sh603728.SH,603728.SH,2026-06-18,1,0.25,0.0
sh603867.SH,603867.SH,2026-06-18,1,4.0,0.0
sh603890.SH,603890.SH,2026-06-18,1,2.0,0.0
sh603917.SH,603917.SH,2026-06-18,1,1.5,0.0
sh603920.SH,603920.SH,2026-06-18,1,3.0,0.0
sh603928.SH,603928.SH,2026-06-18,1,1.2,0.0
sh605003.SH,605003.SH,2026-06-18,1,5.0,0.0
sh605005.SH,605005.SH,2026-06-18,1,2.0,0.0
sh605133.SH,605133.SH,2026-06-18,1,2.1,0.0
sh605369.SH,605369.SH,2026-06-18,1,1.5,0.0
sh605555.SH,605555.SH,2026-06-18,1,2.8,0.0
sh605567.SH,605567.SH,2026-06-18,1,1.0,0.0
sh688113.SH,688113.SH,2026-06-18,1,1.8,0.0
sh688139.SH,688139.SH,2026-06-18,1,3.3,0.0
sh688151.SH,688151.SH,2026-06-18,1,0.56,0.0
sh688222.SH,688222.SH,2026-06-18,1,1.3,0.0
sh688267.SH,688267.SH,2026-06-18,1,2.0,0.0
sh688310.SH,688310.SH,2026-06-18,1,2.5,0.0
sh688336.SH,688336.SH,2026-06-18,1,4.5,0.0
sh688337.SH,688337.SH,2026-06-18,1,4.0,0.0
sh688349.SH,688349.SH,2026-06-18,1,3.7,0.0
sh688391.SH,688391.SH,2026-06-18,1,3.0,0.0
sh688480.SH,688480.SH,2026-06-18,1,4.2,0.0
sh688503.SH,688503.SH,2026-06-18,1,4.32,0.0
sh688580.SH,688580.SH,2026-06-18,1,10.82,0.0
sh688726.SH,688726.SH,2026-06-18,1,3.1,0.0
sh688779.SH,688779.SH,2026-06-18,1,0.41,0.0
sh688785.SH,688785.SH,2026-06-18,1,8.0,0.0
sz000153.SZ,000153.SZ,2026-06-18,1,1.0,0.0
sz000404.SZ,000404.SZ,2026-06-18,1,3.3,0.0
sz000524.SZ,000524.SZ,2026-06-18,1,0.51,0.0
sz000544.SZ,000544.SZ,2026-06-18,1,2.7,0.0
sz000725.SZ,000725.SZ,2026-06-18,1,0.56,0.0
sz000726.SZ,000726.SZ,2026-06-18,1,1.5,0.0
sz000950.SZ,000950.SZ,2026-06-18,1,0.3,0.0
sz000969.SZ,000969.SZ,2026-06-18,1,2.0,0.0
sz001216.SZ,001216.SZ,2026-06-18,1,3.88,0.0
sz001234.SZ,001234.SZ,2026-06-18,1,2.9,0.0
sz001319.SZ,001319.SZ,2026-06-18,1,3.5,0.0
sz001325.SZ,001325.SZ,2026-06-18,1,6.1,0.0
sz001380.SZ,001380.SZ,2026-06-18,1,1.0,0.0
sz002015.SZ,002015.SZ,2026-06-18,1,1.0,0.0
sz002035.SZ,002035.SZ,2026-06-18,1,1.0,0.0
sz002056.SZ,002056.SZ,2026-06-18,1,6.0,0.0
sz002075.SZ,002075.SZ,2026-06-18,1,0.25,0.0
sz002083.SZ,002083.SZ,2026-06-18,1,3.0,0.0
sz002085.SZ,002085.SZ,2026-06-18,1,0.5,0.0
sz002144.SZ,002144.SZ,2026-06-18,1,0.5,0.0
sz002201.SZ,002201.SZ,2026-06-18,1,0.15,0.0
sz002399.SZ,002399.SZ,2026-06-18,1,1.45,0.0
sz002400.SZ,002400.SZ,2026-06-18,1,0.05,0.0
sz002440.SZ,002440.SZ,2026-06-18,1,2.0,0.0
sz002444.SZ,002444.SZ,2026-06-18,1,4.0,0.0
sz002448.SZ,002448.SZ,2026-06-18,1,2.0,0.0
sz002536.SZ,002536.SZ,2026-06-18,1,3.0,0.0
sz002627.SZ,002627.SZ,2026-06-18,1,0.5,0.0
sz002705.SZ,002705.SZ,2026-06-18,1,3.0,0.0
sz002728.SZ,002728.SZ,2026-06-18,1,1.5,0.0
sz002755.SZ,002755.SZ,2026-06-18,1,1.2,0.0
sz002762.SZ,002762.SZ,2026-06-18,1,0.5,0.0
sz002768.SZ,002768.SZ,2026-06-18,1,5.0,0.0
sz002893.SZ,002893.SZ,2026-06-18,1,0.91,0.0
sz002913.SZ,002913.SZ,2026-06-18,1,3.0,0.0
sz002918.SZ,002918.SZ,2026-06-18,1,0.8,0.0
sz002957.SZ,002957.SZ,2026-06-18,1,2.5,0.0
sz300176.SZ,300176.SZ,2026-06-18,1,0.2,0.0
sz300219.SZ,300219.SZ,2026-06-18,1,1.0,0.0
sz300381.SZ,300381.SZ,2026-06-18,1,0.5,0.0
sz300561.SZ,300561.SZ,2026-06-18,1,0.3,0.0
sz300596.SZ,300596.SZ,2026-06-18,1,4.5,0.0
sz300641.SZ,300641.SZ,2026-06-18,1,5.0,0.0
sz300658.SZ,300658.SZ,2026-06-18,1,0.6,0.0
sz300690.SZ,300690.SZ,2026-06-18,1,3.87,0.0
sz300699.SZ,300699.SZ,2026-06-18,1,5.0,0.0
sz300712.SZ,300712.SZ,2026-06-18,1,0.5,0.0
sz300776.SZ,300776.SZ,2026-06-18,1,3.9,0.0
sz300856.SZ,300856.SZ,2026-06-18,1,0.7,0.0
sz301062.SZ,301062.SZ,2026-06-18,1,0.5,0.0
sz301119.SZ,301119.SZ,2026-06-18,1,1.2,0.0
sz301186.SZ,301186.SZ,2026-06-18,1,5.0,0.0
sz301199.SZ,301199.SZ,2026-06-18,1,1.0,0.0
sz301233.SZ,301233.SZ,2026-06-18,1,6.06,0.0
sz301320.SZ,301320.SZ,2026-06-18,1,0.5,0.0
sz301510.SZ,301510.SZ,2026-06-18,1,0.5,0.0
sz301575.SZ,301575.SZ,2026-06-18,1,4.0,0.0
sz301616.SZ,301616.SZ,2026-06-18,1,4.0,0.0
bj920242.BJ,920242.BJ,2026-06-22,1,5.0,0.0
sh600141.SH,600141.SH,2026-06-22,1,5.0,0.0
sh600750.SH,600750.SH,2026-06-22,1,8.8,0.0
sh600751.SH,600751.SH,2026-06-22,1,0.18,0.0
sh601568.SH,601568.SH,2026-06-22,1,0.5,0.0
sh601890.SH,601890.SH,2026-06-22,1,0.6,0.0
sh603041.SH,603041.SH,2026-06-22,1,1.2,0.0
sh603088.SH,603088.SH,2026-06-22,1,1.7,0.0
sh603499.SH,603499.SH,2026-06-22,1,0.8,0.0
sh603500.SH,603500.SH,2026-06-22,1,2.2,0.0
sh603527.SH,603527.SH,2026-06-22,1,1.0,0.0
sh603680.SH,603680.SH,2026-06-22,1,1.5,0.0
sh603687.SH,603687.SH,2026-06-22,1,0.42,0.0
sh603738.SH,603738.SH,2026-06-22,1,0.41,0.0
sh603836.SH,603836.SH,2026-06-22,1,2.0,0.0
sh605189.SH,605189.SH,2026-06-22,1,1.04,0.0
sh605337.SH,605337.SH,2026-06-22,1,2.3,0.0
sh688029.SH,688029.SH,2026-06-22,1,10.0,0.0
sh688050.SH,688050.SH,2026-06-22,1,3.2,0.0
sh688061.SH,688061.SH,2026-06-22,1,2.0,0.0
sh688219.SH,688219.SH,2026-06-22,1,1.5,0.0
sh688289.SH,688289.SH,2026-06-22,1,2.61,0.0
sh688309.SH,688309.SH,2026-06-22,1,1.7,0.0
sh688330.SH,688330.SH,2026-06-22,1,4.6,0.0
sh688398.SH,688398.SH,2026-06-22,1,0.5,0.0
sh688502.SH,688502.SH,2026-06-22,1,2.8,0.0
sh688685.SH,688685.SH,2026-06-22,1,0.45,0.0
sh688809.SH,688809.SH,2026-06-22,1,10.0,0.0
sz000019.SZ,000019.SZ,2026-06-22,1,1.2,0.0
sz000037.SZ,000037.SZ,2026-06-22,1,0.32,0.0
sz000548.SZ,000548.SZ,2026-06-22,1,0.3,0.0
sz000793.SZ,000793.SZ,2026-06-22,15,0.0,0.0
sz001356.SZ,001356.SZ,2026-06-22,1,0.32,0.0
sz002116.SZ,002116.SZ,2026-06-22,1,2.19,0.0
sz002244.SZ,002244.SZ,2026-06-22,1,0.68,0.0
sz002364.SZ,002364.SZ,2026-06-22,1,1.0,0.0
sz002497.SZ,002497.SZ,2026-06-22,1,0.6,0.0
sz002677.SZ,002677.SZ,2026-06-22,1,0.16,0.0
sz002736.SZ,002736.SZ,2026-06-22,1,3.5,0.0
sz002779.SZ,002779.SZ,2026-06-22,1,1.73,0.0
sz002825.SZ,002825.SZ,2026-06-22,1,1.2,0.0
sz002940.SZ,002940.SZ,2026-06-22,1,1.5,0.0
sz003039.SZ,003039.SZ,2026-06-22,1,2.31,0.0
sz300185.SZ,300185.SZ,2026-06-22,1,0.02,0.0
sz300650.SZ,300650.SZ,2026-06-22,1,0.2,0.0
sz300773.SZ,300773.SZ,2026-06-22,1,4.0,0.0
sz301192.SZ,301192.SZ,2026-06-22,1,1.48,0.0
bj920855.BJ,920855.BJ,2026-06-23,1,1.5,0.0
sh603366.SH,603366.SH,2026-06-23,1,0.45,0.0
sh603881.SH,603881.SH,2026-06-23,1,0.34,0.0
sz000088.SZ,000088.SZ,2026-06-23,1,1.07,0.0
sz000597.SZ,000597.SZ,2026-06-23,1,0.55,0.0
sz000768.SZ,000768.SZ,2026-06-23,1,1.5,0.0
sz000962.SZ,000962.SZ,2026-06-23,1,1.11,0.0
sz000985.SZ,000985.SZ,2026-06-23,1,0.11,0.0
sz001359.SZ,001359.SZ,2026-06-23,1,3.98,0.0
sz002057.SZ,002057.SZ,2026-06-23,1,0.58,0.0
sz002790.SZ,002790.SZ,2026-06-23,1,0.15,0.0
sz300927.SZ,300927.SZ,2026-06-23,1,0.75,0.0
sz301092.SZ,301092.SZ,2026-06-23,1,2.6,0.0
bj920403.BJ,920403.BJ,2026-06-24,1,2.0,0.0
sh688416.SH,688416.SH,2026-06-24,1,0.0,0.0
